DOI, alternativeTitle
https://doi.org/10.57934/0b01e4108001d345, "PS_DETAILHANDEL"
https://doi.org/10.57934/0b01e4108001d347, "PS AMBULANCEDIENSTEN"
https://doi.org/10.57934/0b01e4108001d349, "PS ARBODIENSTEN"
https://doi.org/10.57934/0b01e4108001d34b, "PS FYSIOTHERAPEUTEN"
https://doi.org/10.57934/0b01e4108001d34d, "PS TROMBOSEDIENSTEN"
https://doi.org/10.57934/0b01e4108001d4cd, "PS WELZIJN"
https://doi.org/10.57934/0b01e4108001f63a, "MKB"
https://doi.org/10.57934/0b01e41080021107, "PS VERLOSKUNDIGEN"
https://doi.org/10.57934/0b01e41080021109, "PS WELZIJN"
https://doi.org/10.57934/0b01e41080021668, "MKB"
https://doi.org/10.57934/0b01e41080021937, "AKT"
https://doi.org/10.57934/0b01e410800224d3, "AKT"
https://doi.org/10.57934/0b01e410800224d5, "AKT"
https://doi.org/10.57934/0b01e410800224d7, "AKT"
https://doi.org/10.57934/0b01e410800224d9, "AKT"
https://doi.org/10.57934/0b01e410800224db, "AKT"
https://doi.org/10.57934/0b01e41080022527, "AKT"
https://doi.org/10.57934/0b01e410800252ec, "PS_DIENSTVERLENINGLANDBOUW"
https://doi.org/10.57934/0b01e41080026fb5, "PS_SPEURONTWIKKELING"
https://doi.org/10.57934/0b01e410800277a9, "PS_MILIEUDIENSTVERLENING"
https://doi.org/10.57934/0b01e410800285de, "PS_SOCIALEWERKVOORZIENING"
https://doi.org/10.57934/0b01e410800285e2, "PS_BOUWNIJVERHEID"
https://doi.org/10.57934/0b01e41080029ccf, "PS_GROOTHANDEL"
https://doi.org/10.57934/0b01e4108002b2ab, "PS_BOUWNIJVERHEID"
https://doi.org/10.57934/0b01e4108002ccb9, "PS_COMMERCIELEDIENSTEN"
https://doi.org/10.57934/0b01e4108002ccbb, "PS_INDUSTRIE"
https://doi.org/10.57934/0b01e4108002ccbd, "PS_TRANSPORT"
https://doi.org/10.57934/0b01e4108002ccbf, "PS_ENERGIEWATER"
https://doi.org/10.57934/0b01e4108002db0b, "PS_TRANSPORT"
https://doi.org/10.57934/0b01e41080031573, "PS_ENERGIEWATER"
https://doi.org/10.57934/0b01e41080032622, "PS_COMMERCIELEDIENSTEN"
https://doi.org/10.57934/0b01e410800375ad, "PS_COMMERCIELEDIENSTEN"
https://doi.org/10.57934/0b01e4108003788c, "PS_INDUSTRIE"
https://doi.org/10.57934/0b01e4108003f0d9, "PS_GEZONDHEIDSWELZIJNSZORG"
https://doi.org/10.57934/0b01e4108003f82a, "PS_DIENSTVERLENINGLANDBOUW"
https://doi.org/10.57934/0b01e4108003ff4e, "PS_TRANSPORT"
https://doi.org/10.57934/0b01e41080040ebf, "PS_DELFSTOFFENWINNING"
https://doi.org/10.57934/0b01e410800419c3, "PS_DELFSTOFFENWINNING"
https://doi.org/10.57934/0b01e410800420c9, "PS_BOUWNIJVERHEID"
https://doi.org/10.57934/0b01e41080043000, "PS_AUTOHANDEL"
https://doi.org/10.57934/0b01e410800432eb, "PS_ONROERENDGOED"
https://doi.org/10.57934/0b01e410800436dd, "PS_ENERGIE"
https://doi.org/10.57934/0b01e41080043b4b, "INV_NAT_LAND_JACHT_BOSBOUW"
https://doi.org/10.57934/0b01e41080043b96, "INV_NAT_DELFSTOFFENWINNING"
https://doi.org/10.57934/0b01e41080043b98, "INV_NAT_INDUSTRIE"
https://doi.org/10.57934/0b01e41080043b9a, "INV_NAT_OPENBARE_VOORZIENING"
https://doi.org/10.57934/0b01e41080043b9c, "INV_NAT_BOUWNIJVERHEID"
https://doi.org/10.57934/0b01e41080043b9e, "INV_NAT_REPARATIE_CONSUMENTENARTIKELEN_HANDEL"
https://doi.org/10.57934/0b01e41080043c21, "INV_NAT_HORECA"
https://doi.org/10.57934/0b01e41080043c23, "INV_NAT_VERVOER_OPSLAG_COMMUNICATIE"
https://doi.org/10.57934/0b01e41080043c27, "INV_NAT_VERHUUR_ZAKELIJKE_DIENSTVERLENING"
https://doi.org/10.57934/0b01e41080043ce8, "INV_NAT_MILIEU_CULTUUR_RECREATIE_OVERIGE_DIENSTVERLENING"
https://doi.org/10.57934/0b01e41080043f79, "INV_REG_BOUWNIJVERHEID"
https://doi.org/10.57934/0b01e41080044012, "INV_REG_DELFSTOFFENWINNING"
https://doi.org/10.57934/0b01e41080044174, "INV_REG_HORECA"
https://doi.org/10.57934/0b01e41080044670, "INV_REG_INDUSTRIE"
https://doi.org/10.57934/0b01e410800446e1, "INV_REG_LAND_JACHT_BOSBOUW"
https://doi.org/10.57934/0b01e410800446e4, "INV_REG_MILIEU_CULTUUR_RECREATIE_OVERIGE_DIENSTVERLENING"
https://doi.org/10.57934/0b01e41080044775, "INV_REG_OPENBARE_VOORZIENING"
https://doi.org/10.57934/0b01e4108004477b, "INV_REG_REPARATIE_CONSUMENTENARTIKELEN_HANDEL"
https://doi.org/10.57934/0b01e410800447f6, "INV_REG_VERHUUR_ZAKELIJKE_DIENSTVERLENING"
https://doi.org/10.57934/0b01e410800447f8, "INV_REG_VERVOER_OPSLAG_COMMUNICATIE"
https://doi.org/10.57934/0b01e41080044d4b, "PS_DETAILHANDEL"
https://doi.org/10.57934/0b01e410800456a2, "PS_WATERAFVAL"
https://doi.org/10.57934/0b01e4108004602b, "PS_GROOTHANDEL"
https://doi.org/10.57934/0b01e41080046aea, "PS_GROOTHANDEL"
https://doi.org/10.57934/0b01e41080049d6e, "PS_COMMERCIELEDIENSTEN"
https://doi.org/10.57934/0b01e4108004a037, "PS_COMMERCIELEDIENSTEN"
https://doi.org/10.57934/0b01e4108004a039, "PS_COMMERCIELEDIENSTEN"
https://doi.org/10.57934/0b01e4108004a46e, "PS_COMMERCIELEDIENSTEN"
https://doi.org/10.57934/0b01e4108004a470, "PS_COMMERCIELEDIENSTEN"
https://doi.org/10.57934/0b01e4108004e1c4, "INV_REG_BOUWNIJVERHEID"
https://doi.org/10.57934/0b01e4108004e2bd, "INV_REG_DELFSTOFFENWINNING"
https://doi.org/10.57934/0b01e4108004e319, "INV_REG_HORECA"
https://doi.org/10.57934/0b01e4108004e37f, "INV_REG_INDUSTRIE"
https://doi.org/10.57934/0b01e4108004e3db, "INV_REG_MILIEU_CULTUUR_RECREATIE_OVERIGE_DIENSTVERLENING"
https://doi.org/10.57934/0b01e4108004e441, "INV_REG_OPENBARE_VOORZIENING"
https://doi.org/10.57934/0b01e4108004e49d, "INV_REG_REPARATIE_CONSUMENTENARTIKELEN_HANDEL"
https://doi.org/10.57934/0b01e4108004e53a, "INV_REG_VERHUUR_ZAKELIJKE_DIENSTVERLENING"
https://doi.org/10.57934/0b01e4108004e5a0, "INV_REG_VERVOER_OPSLAG_COMMUNICATIE"
https://doi.org/10.57934/0b01e4108004e65b, "PS_INDUSTRIE"
https://doi.org/10.57934/0b01e4108004e65d, "PS_INDUSTRIE"
https://doi.org/10.57934/0b01e4108004e6ae, "PS_INDUSTRIE"
https://doi.org/10.57934/0b01e4108004e6b2, "PS_INDUSTRIE"
https://doi.org/10.57934/0b01e4108004e6b4, "PS_INDUSTRIE"
https://doi.org/10.57934/0b01e4108004e6b6, "PS_INDUSTRIE"
https://doi.org/10.57934/0b01e4108004e749, "INV_REG_LAND_JACHT_BOSBOUW"
https://doi.org/10.57934/0b01e410800518bf, "INV_REG_BOUWNIJVERHEID"
https://doi.org/10.57934/0b01e41080051903, "INV_REG_HORECA"
https://doi.org/10.57934/0b01e4108005195f, "INV_REG_INDUSTRIE"
https://doi.org/10.57934/0b01e410800519c5, "INV_REG_LAND_JACHT_BOSBOUW"
https://doi.org/10.57934/0b01e41080051a2b, "INV_REG_MILIEU_CULTUUR_RECREATIE_OVERIGE_DIENSTVERLENING"
https://doi.org/10.57934/0b01e41080051a91, "INV_REG_OPENBARE_VOORZIENING"
https://doi.org/10.57934/0b01e41080051b24, "INV_REG_REPARATIE_CONSUMENTENARTIKELEN_HANDEL"
https://doi.org/10.57934/0b01e41080051b80, "INV_REG_VERHUUR_ZAKELIJKE_DIENSTVERLENING"
https://doi.org/10.57934/0b01e41080051ba5, "INV_REG_VERVOER_OPSLAG_COMMUNICATIE"
https://doi.org/10.57934/0b01e41080051c0b, "INV_REG_DELFSTOFFENWINNING"
https://doi.org/10.57934/0b01e41080057cc0, "INV_REG_BOUWNIJVERHEID"
https://doi.org/10.57934/0b01e41080058b0b, "INV_REG_INDUSTRIE"
https://doi.org/10.57934/0b01e41080058b71, "INV_REG_ENERGIE_BEDRIJVEN"
https://doi.org/10.57934/0b01e41080058bcd, "INV_REG_DELFSTOFFENWINNING"
https://doi.org/10.57934/0b01e41080058e07, "INV_NAT_ENERGIEBEDRIJVEN"
https://doi.org/10.57934/0b01e41080058f14, "INV_NAT_WATERLEIDINGBEDRIJVEN EN AFVALBEHEER"
https://doi.org/10.57934/0b01e4108005925b, "INV_NAT_INFORMATIE_COMMUNICATIE"
https://doi.org/10.57934/0b01e4108005935d, "INV_NAT_HANDEL"
https://doi.org/10.57934/0b01e410800598b1, "INV_NAT_VERHUUR_HANDEL_ONROEREND GOED"
https://doi.org/10.57934/0b01e410800599b1, "OVERIGE DIENSTVERLENING"
https://doi.org/10.57934/0b01e4108005a8be, "INV_NAT_LAND_JACHT_BOSBOUW"
https://doi.org/10.57934/0b01e4108005b010, "INV_NAT_DELFSTOFFENWINNING"
https://doi.org/10.57934/0b01e4108005b11c, "INV_NAT_INDUSTRIE"
https://doi.org/10.57934/0b01e4108005b2b3, "INV_NAT_BOUWNIJVERHEID"
https://doi.org/10.57934/0b01e4108005b3b5, "INV_NAT_HORECA"
https://doi.org/10.57934/0b01e4108005b439, "INV_NAT_MILIEU_CULTUUR_RECREATIE_OVERIGE_DIENSTVERLENING"
https://doi.org/10.57934/0b01e4108005b545, "INV_NAT_OPENBARE_VOORZIENING"
https://doi.org/10.57934/0b01e4108005b647, "INV_NAT_REPARATIE_CONSUMENTENARTIKELEN_HANDEL"
https://doi.org/10.57934/0b01e4108005b75d, "INV_NAT_VERHUUR_ZAKELIJKE_DIENSTVERLENING"
https://doi.org/10.57934/0b01e4108005b85f, "INV_NAT_VERVOER_OPSLAG_COMMUNICATIE"
https://doi.org/10.57934/0b01e4108005c229, "INV_NAT_LAND_JACHT_BOSBOUW"
https://doi.org/10.57934/0b01e4108005c2ad, "INV_NAT_DELFSTOFFENWINNING"
https://doi.org/10.57934/0b01e4108005c359, "INV_NAT_INDUSTRIE"
https://doi.org/10.57934/0b01e4108005c40f, "INV_NAT_BOUWNIJVERHEID"
https://doi.org/10.57934/0b01e4108005c550, "INV_NAT_VERVOER_OPSLAG"
https://doi.org/10.57934/0b01e4108005c60a, "INV_NAT_VERHUUR_OVERIG_ZAKELIJKE_DIENSTEN"
https://doi.org/10.57934/0b01e4108005c6be, "INV_NAT_SPECIALISTISCHE_ZAKELIJKE_DIENSTVERLENING"
https://doi.org/10.57934/0b01e4108005c768, "INV_NAT_HORECA"
https://doi.org/10.57934/0b01e4108005da38, "INV_REG_HORECA"
https://doi.org/10.57934/0b01e4108005daa8, "INV_REG_LAND_JACHT_BOSBOUW"
https://doi.org/10.57934/0b01e4108005e22b, "INV_NAT_WATERLEIDINGBEDRIJVEN EN AFVALBEHEER"
https://doi.org/10.57934/0b01e4108005e561, "INV_NAT_HANDEL"
https://doi.org/10.57934/0b01e4108005e663, "INV_NAT_VERVOER_OPSLAG"
https://doi.org/10.57934/0b01e4108005e7be, "INV_NAT_INFORMATIE_COMMUNICATIE"
https://doi.org/10.57934/0b01e4108005e875, "INV_NAT_VERHUUR_OVERIG_ZAKELIJKE_DIENSTEN"
https://doi.org/10.57934/0b01e4108005e8c0, "INV_NAT_VERHUUR_HANDEL_ONROEREND GOED"
https://doi.org/10.57934/0b01e4108005e977, "INV_NAT_SPECIALISTISCHE_ZAKELIJKE_DIENSTVERLENING"
https://doi.org/10.57934/0b01e4108005ea24, "OVERIGE DIENSTVERLENING"
https://doi.org/10.57934/0b01e4108005ebb1, "INV_NAT_ENERGIEBEDRIJVEN"
https://doi.org/10.57934/0b01e4108005f02f, "INV_REG_BOUWNIJVERHEID"
https://doi.org/10.57934/0b01e410800624a7, "PS_INDUSTRIE"
https://doi.org/10.57934/0b01e4108006582b, "INV_REG_DELFSTOFFENWINNING"
https://doi.org/10.57934/0b01e4108006586c, "INV_NAT_ENERGIEBEDRIJVEN"
https://doi.org/10.57934/0b01e410800658d4, "INV_NAT_HANDEL"
https://doi.org/10.57934/0b01e41080065942, "INV_REG_HORECA"
https://doi.org/10.57934/0b01e410800659aa, "INV_REG_INDUSTRIE"
https://doi.org/10.57934/0b01e41080065a4a, "INV_NAT_INFORMATIE_COMMUNICATIE"
https://doi.org/10.57934/0b01e41080065aa8, "INV_REG_LAND_JACHT_BOSBOUW"
https://doi.org/10.57934/0b01e41080065acd, "OVERIGE DIENSTVERLENING"
https://doi.org/10.57934/0b01e41080065b34, "INV_NAT_SPECIALISTISCHE_ZAKELIJKE_DIENSTVERLENING"
https://doi.org/10.57934/0b01e41080065b93, "INV_NAT_VERHUUR_HANDEL_ONROEREND GOED"
https://doi.org/10.57934/0b01e41080065c04, "INV_NAT_VERVOER_OPSLAG"
https://doi.org/10.57934/0b01e41080065c61, "INV_NAT_WATERLEIDINGBEDRIJVEN EN AFVALBEHEER"
https://doi.org/10.57934/0b01e41080065cc8, "INV_NAT_VERHUUR_OVERIG_ZAKELIJKE_DIENSTEN"
https://doi.org/10.57934/0b01e4108008aab2, "LEERLLFT"
https://doi.org/10.57934/0b01e4108008aab8, "LEERLLJR"
https://doi.org/10.57934/0b01e410800a0eb5, "PS_DIENSTVERLENINGLANDBOUW"
https://doi.org/10.57934/0b01e410800a0fda, "PS_BOUWNIJVERHEID"
https://doi.org/10.57934/0b01e410800a1501, "PS_AUTOHANDEL"
https://doi.org/10.57934/0b01e410800a1bc3, "PS_COMMERCIELEDIENSTEN"
https://doi.org/10.57934/0b01e410800a1eb9, "PS_DELFSTOFFENWINNING"
https://doi.org/10.57934/0b01e410800a2363, "PS_DETAILHANDEL"
https://doi.org/10.57934/0b01e410800a275c, "PS_ENERGIE"
https://doi.org/10.57934/0b01e410800a2bf9, "PS_WATERAFVAL"
https://doi.org/10.57934/0b01e410800a3094, "PS_TRANSPORT"
https://doi.org/10.57934/0b01e410800a353e, "PS_GEZONDHEIDSWELZIJNSZORG"
https://doi.org/10.57934/0b01e410800a39c3, "PS_GROOTHANDEL"
https://doi.org/10.57934/0b01e410800a3f29, "PS_ONROERENDGOED"
https://doi.org/10.57934/0b01e410800a441c, "PS_INDUSTRIE"
https://doi.org/10.57934/0b01e410800b65d4, "INV_REG_BOUWNIJVERHEID"
https://doi.org/10.57934/0b01e410800b6d24, "INV_REG_DELFSTOFFENWINNING"
https://doi.org/10.57934/0b01e410800b6f76, "INV_NAT_ENERGIEBEDRIJVEN"
https://doi.org/10.57934/0b01e410800b7034, "INV_NAT_HANDEL"
https://doi.org/10.57934/0b01e410800b7091, "INV_REG_HORECA"
https://doi.org/10.57934/0b01e410800b70f4, "INV_REG_INDUSTRIE"
https://doi.org/10.57934/0b01e410800b7213, "INV_NAT_INFORMATIE_COMMUNICATIE"
https://doi.org/10.57934/0b01e410800b72db, "INV_REG_LAND_JACHT_BOSBOUW"
https://doi.org/10.57934/0b01e410800b73a1, "OVERIGE DIENSTVERLENING"
https://doi.org/10.57934/0b01e410800b740e, "INV_NAT_SPECIALISTISCHE_ZAKELIJKE_DIENSTVERLENING"
https://doi.org/10.57934/0b01e410800b7433, "INV_NAT_VERHUUR_HANDEL_ONROEREND GOED"
https://doi.org/10.57934/0b01e410800b749e, "INV_NAT_VERHUUR_OVERIG_ZAKELIJKE_DIENSTEN"
https://doi.org/10.57934/0b01e410800b7516, "INV_NAT_VERVOER_OPSLAG"
https://doi.org/10.57934/0b01e410800b7582, "INV_NAT_WATERLEIDINGBEDRIJVEN EN AFVALBEHEER"
https://doi.org/10.57934/0b01e410800bcff2, "LEERLLFT"
https://doi.org/10.57934/0b01e410800bd1c8, "LEERLLFT"
https://doi.org/10.57934/0b01e410800bd2a7, "LEERLLFT"
https://doi.org/10.57934/0b01e410800bd2f4, "LEERLLFT"
https://doi.org/10.57934/0b01e410800bd7aa, "LEERLLJR"
https://doi.org/10.57934/0b01e410800bd865, "LEERLLJR"
https://doi.org/10.57934/0b01e410800bd97d, "LEERLLJR"
https://doi.org/10.57934/0b01e410800bdb48, "LEERLLJR"
https://doi.org/10.57934/0b01e410800bdc2a, "LEERLLJR"
https://doi.org/10.57934/0b01e410800bdd1e, "LEERLLJR"
https://doi.org/10.57934/0b01e410800bddda, "LEERLLJR"
https://doi.org/10.57934/0b01e410800bdeb4, "LEERLLJR"
https://doi.org/10.57934/0b01e410800be0a1, "LEERLLJR"
https://doi.org/10.57934/0b01e41080107f6e, "PS_ZORGPRAKTIJKENREVISIE"
https://doi.org/10.57934/0b01e41080110141, "PS_INDUSTRIE"
https://doi.org/10.57934/0b01e410801107bf, "PS_AUTOHANDEL"
https://doi.org/10.57934/0b01e41080112669, "PS_BOUWNIJVERHEID"
https://doi.org/10.57934/0b01e41080112a7f, "PS_COMMERCIELEDIENSTEN"
https://doi.org/10.57934/0b01e41080113011, "PS_DELFSTOFFENWINNING"
https://doi.org/10.57934/0b01e41080113478, "PS_DETAILHANDEL"
https://doi.org/10.57934/0b01e41080113bd5, "PS_DIENSTVERLENINGLANDBOUW"
https://doi.org/10.57934/0b01e41080113e4c, "PS_ENERGIE"
https://doi.org/10.57934/0b01e41080114433, "PS_GEZONDHEIDSWELZIJNSZORG"
https://doi.org/10.57934/0b01e410801147b1, "PS_GROOTHANDEL"
https://doi.org/10.57934/0b01e41080114bce, "PS_ONROERENDGOED"
https://doi.org/10.57934/0b01e41080114fce, "PS_TRANSPORT"
https://doi.org/10.57934/0b01e41080115328, "PS_WATERAFVAL"
https://doi.org/10.57934/0b01e4108015cfaa, "GEMSTPLBUS"
https://doi.org/10.57934/0b01e4108015f740, "ANWJAARBEDRAGTAB"
https://doi.org/10.57934/0b01e41080161525, "AOTOTJAARBEDRAGTAB"
https://doi.org/10.57934/0b01e41080161570, "AOTOTMNDBEDRAGBUS"
https://doi.org/10.57934/0b01e410801615ee, "BIJSTANDJAARBEDRAGTAB"
https://doi.org/10.57934/0b01e4108016162d, "BIJSTANDMNDBEDRAGBUS"
https://doi.org/10.57934/0b01e4108016171b, "OVUITKJAARBEDRAGTAB"
https://doi.org/10.57934/0b01e410801617a6, "WWJAARBEDRAGTAB"
https://doi.org/10.57934/0b01e410801617e0, "WWMNDBEDRAGBUS"
https://doi.org/10.57934/0b01e410801cba03, "ABR_Regio"
https://doi.org/10.57934/0b01e410801cd392, "HUURENQUETE"
https://doi.org/10.57934/0b01e410801cd4ba, "BSO"
https://doi.org/10.57934/0b01e410801d07ac, "CPI"
https://doi.org/10.57934/0b01e410801d09ac, "CITOTAB"
https://doi.org/10.57934/0b01e410801d0bdd, "EERSTEDIPLOMAHOTAB"
https://doi.org/10.57934/0b01e410801d0c0d, "HDIPLOMAHBOTAB"
https://doi.org/10.57934/0b01e410801d0c13, "HDIPLOMAWOTAB"
https://doi.org/10.57934/0b01e410801d0c5a, "INSCHRWECTAB"
https://doi.org/10.57934/0b01e410801d0d3f, "ONDERWIJSINSCHRTAB"
https://doi.org/10.57934/0b01e410801d0da1, "INSCHRWPOTAB"
https://doi.org/10.57934/0b01e410801d0ea4, "LINH-EPISODE"
https://doi.org/10.57934/0b01e410801d0eef, "LINH-CLIËNTEN"
https://doi.org/10.57934/0b01e410801d1891, "LINH-VERRICHTINGEN"
https://doi.org/10.57934/0b01e410801d1928, "NNDTAB"
https://doi.org/10.57934/0b01e410801d1a31, "VKDTAB"
https://doi.org/10.57934/0b01e410801d1aea, "INDICAWBZTAB"
https://doi.org/10.57934/0b01e410801e15c6, "ABR_PAB"
https://doi.org/10.57934/0b01e410801e20f9, "RIJKJAAR"
https://doi.org/10.57934/0b01e410801e2343, "APOTHEKEN"
https://doi.org/10.57934/0b01e410801e23f4, "BRANDWEER"
https://doi.org/10.57934/0b01e410801e2438, "PROVINCIEJAAR"
https://doi.org/10.57934/0b01e410801e24d3, "FYSIOTHERAPEUTEN"
https://doi.org/10.57934/0b01e410801e25ad, "GIR"
https://doi.org/10.57934/0b01e410801e267e, "HGR"
https://doi.org/10.57934/0b01e410801e26b9, "HUISARTSEN"
https://doi.org/10.57934/0b01e410801e26fe, "HUISARTSENPOSTEN"
https://doi.org/10.57934/0b01e410801e271c, "KDV"
https://doi.org/10.57934/0b01e410801e2782, "KUNSTIJSBANEN"
https://doi.org/10.57934/0b01e410801e280c, "LOCATUS"
https://doi.org/10.57934/0b01e410801e284c, "MUSEA"
https://doi.org/10.57934/0b01e410801e28a0, "PC4OADSTED"
https://doi.org/10.57934/0b01e410801e28c6, "PC6_DOMINANTGWB"
https://doi.org/10.57934/0b01e410801e28ca, "PC6-HNRGWB"
https://doi.org/10.57934/0b01e410801e28f0, "PODIUMKUNSTEN"
https://doi.org/10.57934/0b01e410801e291b, "PWR"
https://doi.org/10.57934/0b01e410801e2959, "TREINSTATIONS"
https://doi.org/10.57934/0b01e410801e2984, "WBR"
https://doi.org/10.57934/0b01e410801e29bc, "ZIEKEXCPOLI_JJ"
https://doi.org/10.57934/0b01e410801e29d4, "ZIEKINCPOLI_JJ"
https://doi.org/10.57934/0b01e410801e2a9d, "REGIOHISTORIE"
https://doi.org/10.57934/0b01e410801e4241, "SPOORGOEDERENVERVOER_"
https://doi.org/10.57934/0b01e410801e4b18, "BINNENVAARTGOEDERENVERVOER"
https://doi.org/10.57934/0b01e410801e5047, "REISVERKEER_JJJJ_KW"
https://doi.org/10.57934/0b01e410801e5cd4, "ANALYSE.TBL_VOERTUIG__JJJJ_-_DDMMJJJJ_"
https://doi.org/10.57934/0b01e410801e6587, "INIVA"
https://doi.org/10.57934/0b01e410801e65ed, "INVESTERINGEN"
https://doi.org/10.57934/0b01e410801e7191, "PS_AUTOHANDEL"
https://doi.org/10.57934/0b01e410801e7255, "PS_BOUWNIJVERHEID"
https://doi.org/10.57934/0b01e410801e7a81, "PS_COMMERCIELEDIENSTEN"
https://doi.org/10.57934/0b01e410801e7ca2, "PS_DELFSTOFFENWINNING"
https://doi.org/10.57934/0b01e410801e819d, "PS_DETAILHANDEL"
https://doi.org/10.57934/0b01e410801e854b, "PS_DIENSTVERLENINGLANDBOUW"
https://doi.org/10.57934/0b01e410801e898d, "PS_GROOTHANDEL"
https://doi.org/10.57934/0b01e410801e8d11, "PS_ONROERENDGOED"
https://doi.org/10.57934/0b01e410801e919a, "PS_ENERGIE"
https://doi.org/10.57934/0b01e410801e98a3, "PS_TRANSPORT"
https://doi.org/10.57934/0b01e410801e9c48, "PS_WATERAFVAL"
https://doi.org/10.57934/0b01e410801ea5c9, "DOOTAB"
https://doi.org/10.57934/0b01e410801ee9ea, "OPOSJJJJVTV-ISHMT-BDO"
https://doi.org/10.57934/0b01e410801eede6, "WANBZVWTAB"
https://doi.org/10.57934/0b01e410801eee64, "MEDICIJNTAB"
https://doi.org/10.57934/0b01e410801ef0f3, "PS_INDUSTRIE"
https://doi.org/10.57934/0b01e410801f78ea, "ZELFSTANDIGENMNDBEDRAGBUS"
https://doi.org/10.57934/0b01e410801f790f, "UITKBUITLANDBUS"
https://doi.org/10.57934/0b01e410801f7932, "OVARBEIDBUS"
https://doi.org/10.57934/0b01e410801f7975, "ARBBUITLANDBUS"
https://doi.org/10.57934/0b01e410801f797d, "PS_GEZONDHEIDSWELZIJNSZORG"
https://doi.org/10.57934/0b01e410801f7bff, "ASIEL"
https://doi.org/10.57934/0b01e410801f810c, "AMV"
https://doi.org/10.57934/0b01e410801f8113, "CBS INSTROOM"
https://doi.org/10.57934/0b01e410801f839c, "LSB"
https://doi.org/10.57934/0b01e410801f8be0, "LSB"
https://doi.org/10.57934/0b01e410801f8e7c, "GBAADRESGEBEURTENISBUS"
https://doi.org/10.57934/0b01e410801f92b9, "VRLGBAHUISHOUDENSBUS"
https://doi.org/10.57934/0b01e410801f92dd, "GBALEVENDGEBORENENMASSATAB"
https://doi.org/10.57934/0b01e410801f9320, "VRLGBAMIGRATIEBUS"
https://doi.org/10.57934/0b01e410801f9338, "GBAOVERLIJDENTAB"
https://doi.org/10.57934/0b01e410801f9390, "GBASTERFTENMASSATAB"
https://doi.org/10.57934/0b01e410801f93bf, "GBAVERBINTENISPARTNERBUS"
https://doi.org/10.57934/0b01e410801f9401, "KINDOUDERTAB"
https://doi.org/10.57934/0b01e410801f942c, "PARTNERBUS"
https://doi.org/10.57934/0b01e410801f94de, "VRLGBAOVERLIJDENTAB"
https://doi.org/10.57934/0b01e410801f94e3, "VRLGBAPERSOONTAB"
https://doi.org/10.57934/0b01e410801f9752, "DRT_BEID"
https://doi.org/10.57934/0b01e410801f9a9f, "SFHULP"
https://doi.org/10.57934/0b01e410801f9bb9, "SFBRA"
https://doi.org/10.57934/0b01e410801f9c87, "DERDELANDERS, GEWEIGERD AAN DE GRENS"
https://doi.org/10.57934/0b01e410801f9c8c, "DERDELANDERS, ILLEGAAL AANWEZIG"
https://doi.org/10.57934/0b01e410801f9cb2, "DERDELANDERS, VERPLICHTING TOT VERTREK"
https://doi.org/10.57934/0b01e410801fa42c, "ICTHHPERS"
https://doi.org/10.57934/0b01e410801fa5ec, "SRGPERSOONBUS"
https://doi.org/10.57934/0b01e410801fb116, "SRGREINTEGRATIEPOSITIEBUS"
https://doi.org/10.57934/0b01e410801fb129, "SRGVOORZIENINGTAB"
https://doi.org/10.57934/0b01e410801fb199, "AOTOTPERSOONBUS"
https://doi.org/10.57934/0b01e410801fb2f7, "BIJSTANDPERSOONBUS"
https://doi.org/10.57934/0b01e410801fb42a, "BIJSTANDUITKERINGTAB"
https://doi.org/10.57934/0b01e410801fb63c, "WUSUITKERING1ATAB"
https://doi.org/10.57934/0b01e410801fb701, "VT_ANALYSEBESTAND"
https://doi.org/10.57934/0b01e410801fbacb, "BU_ANALYSEBESTAND"
https://doi.org/10.57934/0b01e410801fbb35, "BA_ANALYSEBESTAND"
https://doi.org/10.57934/0b01e410801fbf25, "BJJJJC_N06-DDMMJJ"
https://doi.org/10.57934/0b01e410801fc073, "PA_ANALYSEBESTAND"
https://doi.org/10.57934/0b01e410801fca05, "NEH"
https://doi.org/10.57934/0b01e410801fca5e, "AOWJAARBEDRAGTAB"
https://doi.org/10.57934/0b01e410801fca9a, "MICAOTOTPERSOONBUS"
https://doi.org/10.57934/0b01e410801fcaea, "MICANWPERSOONBUS"
https://doi.org/10.57934/0b01e410801fcb0b, "ANWMNDBEDRAGBUS"
https://doi.org/10.57934/0b01e410801fcbb7, "ZZ_ENQ"
https://doi.org/10.57934/0b01e410801fcc13, "GBISLIB"
https://doi.org/10.57934/0b01e410801fcc59, "GBIONTW"
https://doi.org/10.57934/0b01e410801fcd2a, "GBIGIST"
https://doi.org/10.57934/0b01e410801fd635, "AOWMNDBEDRAGBUS"
https://doi.org/10.57934/0b01e410801fd687, "BAANKENMERKENBUS"
https://doi.org/10.57934/0b01e410801fd6b3, "BAANPRSJAARBEDRAGTAB"
https://doi.org/10.57934/0b01e410801fd716, "HOOGSTEOPLTAB"
https://doi.org/10.57934/0b01e410801fd71e, "MICAOWPERSOONBUS"
https://doi.org/10.57934/0b01e410801fd7d0, "FAILONTSLAGTAB"
https://doi.org/10.57934/0b01e410801fd7f6, "OVUITKMNDBEDRAGBUS"
https://doi.org/10.57934/0b01e410801fd816, "OVUITKPERSOONBUS"
https://doi.org/10.57934/0b01e410801fd86a, "PENSOVJAARBEDRAGTAB"
https://doi.org/10.57934/0b01e410801fd889, "PENSOVMNDBEDRAGBUS"
https://doi.org/10.57934/0b01e410801fd8b5, "PENSOVPERSOONBUS"
https://doi.org/10.57934/0b01e410801fd8ee, "STUDERENDENBUS"
https://doi.org/10.57934/0b01e410801fd90a, "UWVONTAANVTAB"
https://doi.org/10.57934/0b01e410801fd936, "MICWWPERSOONBUS"
https://doi.org/10.57934/0b01e410801fe65b, "WSNP"
https://doi.org/10.57934/0b01e410801fe782, "SLOTAB"
https://doi.org/10.57934/0b01e410801fe815, "SRJ0_OM"
https://doi.org/10.57934/0b01e410801fe846, "SRJ0_IN"
https://doi.org/10.57934/0b01e410801febad, "PRODUCTIEMIDDELEN"
https://doi.org/10.57934/0b01e410801fecc1, "BURGERLIJKE RECHTSZAKEN HISTORIE"
https://doi.org/10.57934/0b01e410801fecd3, "BAANPRSMNDBEDRAGBUS"
https://doi.org/10.57934/0b01e410801fed9f, "MICBIJSTANDPERSOONBUS"
https://doi.org/10.57934/0b01e410801fef3f, "BIGTAB"
https://doi.org/10.57934/0b01e410801fef57, "HDIPLOMAREGTAB"
https://doi.org/10.57934/0b01e410801ff835, "B_KLEINE"
https://doi.org/10.57934/0b01e410801ff8cd, "AES"
https://doi.org/10.57934/0b01e41080201fd4, "VSVTAB"
https://doi.org/10.57934/0b01e410802020ce, "ZELFSTANDIGENTAB"
https://doi.org/10.57934/0b01e4108020485b, "NEA"
https://doi.org/10.57934/0b01e410802051b0, "BURGERLIJKE RECHTSZAKEN SOORT PROCEDURE JJJJ."
https://doi.org/10.57934/0b01e410802051e3, "BURGERLIJKE RECHTSZAKEN, VERZOEKSCHRIFTEN JJJJ."
https://doi.org/10.57934/0b01e410802052f5, "UIT_PERSONEN"
https://doi.org/10.57934/0b01e41080205724, "SV_ANALYSEBESTAND_JJJJ_.SAV"
https://doi.org/10.57934/0b01e41080207176, "MESTIMPORT EXPORT EN VERWERKING"
https://doi.org/10.57934/0b01e41080207519, "LOGIESEXPLPROV"
https://doi.org/10.57934/0b01e41080207580, "LOGIESINVENT"
https://doi.org/10.57934/0b01e410802075e4, "NFO"
https://doi.org/10.57934/0b01e410802076aa, "RDWNPACTTAB"
https://doi.org/10.57934/0b01e41080207966, "ENERGIEVERBRUIKTAB"
https://doi.org/10.57934/0b01e41080207e91, "GIA"
https://doi.org/10.57934/0b01e41080207ed2, "GIA_B"
https://doi.org/10.57934/0b01e41080207f57, "NEA2013"
https://doi.org/10.57934/0b01e4108020866a, "LSO"
https://doi.org/10.57934/0b01e410802086f3, "ZVPERC"
https://doi.org/10.57934/0b01e41080208797, "T_KVZ_EXP_SOMDEF_2"
https://doi.org/10.57934/0b01e410802088c3, "RTD"
https://doi.org/10.57934/0b01e41080208a39, "WOZ"
https://doi.org/10.57934/0b01e4108020980a, "AOWUITKERING1ATAB"
https://doi.org/10.57934/0b01e4108020994c, "MESTPROD"
https://doi.org/10.57934/0b01e4108020a26c, "GBIVRACHTEN"
https://doi.org/10.57934/0b01e4108020a342, "GBIKEN"
https://doi.org/10.57934/0b01e4108020a78e, "UIT_VAKANTIES"
https://doi.org/10.57934/0b01e4108020aba5, "ENERGIEBALANS_SAMEN_NEW"
https://doi.org/10.57934/0b01e4108020ac6e, "GBIPROCESPARAMETER"
https://doi.org/10.57934/0b01e4108020adc8, "GBIENERGIE"
https://doi.org/10.57934/0b01e4108020af13, "GBHNAW"
https://doi.org/10.57934/0b01e4108020af73, "GBHKEN"
https://doi.org/10.57934/0b01e4108020b032, "GBHSLI"
https://doi.org/10.57934/0b01e4108020b072, "PROVJZTAB"
https://doi.org/10.57934/0b01e4108020ba17, "VOORBEREIDING TOT RECYCLING, VTR"
https://doi.org/10.57934/0b01e4108020ba67, "DAGEN_NACHTEN_JJJJ_NEW"
https://doi.org/10.57934/0b01e4108020bcba, "BEDRIJFSAFVALSTOFFEN, BAS"
https://doi.org/10.57934/0b01e4108020c2d2, "NVM"
https://doi.org/10.57934/0b01e4108020cf70, "GEBZZVTAB"
https://doi.org/10.57934/0b01e4108020cfb6, "GEBZZVTAB"
https://doi.org/10.57934/0b01e4108020cffe, "GEBZZVTAB"
https://doi.org/10.57934/0b01e4108020d1f4, "DBC MSZ"
https://doi.org/10.57934/0b01e4108020f0a5, "OVIN2012"
https://doi.org/10.57934/0b01e4108020f770, "OVIN2013"
https://doi.org/10.57934/0b01e4108020fa61, "GBASCHEIDINGENMASSATAB"
https://doi.org/10.57934/0b01e4108020fd66, "GBAVERBINTENISSENMASSATAB"
https://doi.org/10.57934/0b01e4108020fd87, "GBAVERWEDUWDENMASSABUS"
https://doi.org/10.57934/0b01e4108020fde0, "GBANATGEWIJZIGDENMASSABUS"
https://doi.org/10.57934/0b01e410802116c5, "EBBVRGTAB"
https://doi.org/10.57934/0b01e41080211720, "EBBBEDRIJFTAB"
https://doi.org/10.57934/0b01e410802117a0, "EBBOPLTAB"
https://doi.org/10.57934/0b01e410802117b1, "EBBBEROEPTAB"
https://doi.org/10.57934/0b01e410802117e8, "EBBLONGTAB"
https://doi.org/10.57934/0b01e41080211806, "EBBPARTNERTAB"
https://doi.org/10.57934/0b01e4108021180f, "RAVTAB"
https://doi.org/10.57934/0b01e41080211969, "LOGIESEXPLTG"
https://doi.org/10.57934/0b01e410802119f2, "FAILLISSEMENTEN"
https://doi.org/10.57934/0b01e41080212219, "GIR"
https://doi.org/10.57934/0b01e410802123c6, "APOTHEKEN"
https://doi.org/10.57934/0b01e410802124b1, "GBABURGERLIJKESTAATBUS"
https://doi.org/10.57934/0b01e410802125bb, "GBAHUISHOUDENSBUS"
https://doi.org/10.57934/0b01e4108021261a, "GBAMIGRATIEGEBEURTENISBUS"
https://doi.org/10.57934/0b01e4108021267c, "GBAMIGRATIEBUS"
https://doi.org/10.57934/0b01e410802126a6, "GBANATIONALITEITBUS"
https://doi.org/10.57934/0b01e410802126d3, "VRLGBAADRESOBJECTBUS"
https://doi.org/10.57934/0b01e4108021270e, "VRLMIGMOTBUS"
https://doi.org/10.57934/0b01e4108021294a, "GGA_SLSTAND"
https://doi.org/10.57934/0b01e410802129c2, "BVG"
https://doi.org/10.57934/0b01e410802129f9, "BETAB"
https://doi.org/10.57934/0b01e41080212d19, "HJLKTAB"
https://doi.org/10.57934/0b01e41080213021, "EBBONDBLOKTAB"
https://doi.org/10.57934/0b01e410802131dc, "GEPROMOVEERDEN"
https://doi.org/10.57934/0b01e41080213240, "OBJECTENERGIELABELSTAB"
https://doi.org/10.57934/0b01e410802132a7, "LEVCYCLWOONNIETWOONBUS"
https://doi.org/10.57934/0b01e41080213661, "AR_W_JJJJQ"
https://doi.org/10.57934/0b01e410802138e0, "HJLJJJJV1_SL"
https://doi.org/10.57934/0b01e41080214673, "IPO-2010-I54-V52-B52-DSC"
https://doi.org/10.57934/0b01e410802154d6, "GBAADRESOBJECTBUS"
https://doi.org/10.57934/0b01e4108021594b, "HUISARTSEN"
https://doi.org/10.57934/0b01e41080215972, "ZIEKEXCPOLI_JJ"
https://doi.org/10.57934/0b01e41080215997, "ZIEKINCPOLI_JJ"
https://doi.org/10.57934/0b01e410802159c5, "BRANDWEER"
https://doi.org/10.57934/0b01e41080215bc4, "KOPPELTABELIKVIDBAANRUGIDTAB"
https://doi.org/10.57934/0b01e41080215c85, "LMR_GBA_UNICITEIT"
https://doi.org/10.57934/0b01e41080215cae, "UNIEKJJ-JJ"
https://doi.org/10.57934/0b01e41080215f70, "BIBLIOTHEKEN"
https://doi.org/10.57934/0b01e41080216145, "EBBHHBTAB"
https://doi.org/10.57934/0b01e4108021626c, "EBBONDTAB"
https://doi.org/10.57934/0b01e41080216377, "EBBJAARHISTAB"
https://doi.org/10.57934/0b01e41080216749, "CRI_KOPPINCVERDSL"
https://doi.org/10.57934/0b01e410802168e1, "ADOPTIEKINDEREN"
https://doi.org/10.57934/0b01e41080216906, "MLKLASSEBUS"
https://doi.org/10.57934/0b01e41080216927, "GEMSTPLAATSBUS"
https://doi.org/10.57934/0b01e41080216950, "NGEMSTPLBUS"
https://doi.org/10.57934/0b01e41080216a04, "EBBAFLTAB"
https://doi.org/10.57934/0b01e41080216bc5, "GPE"
https://doi.org/10.57934/0b01e41080216dab, "SRGLOONKOSTINSTROOMTAB"
https://doi.org/10.57934/0b01e41080216fea, "OPENBAREBIBLIOTHEKEN"
https://doi.org/10.57934/0b01e410802170da, "ZORGZVTAB"
https://doi.org/10.57934/0b01e41080217a23, "EUROSTAT_ZEEVAART"
https://doi.org/10.57934/0b01e41080217dac, "HFDBAANBUS"
https://doi.org/10.57934/0b01e41080217dd0, "BAANSOMMENTAB"
https://doi.org/10.57934/0b01e41080217e57, "DIPLOMAHOTAB"
https://doi.org/10.57934/0b01e41080217f6a, "VSLCOORDTAB"
https://doi.org/10.57934/0b01e410802181c0, "VRLVSLVIERKANTTAB"
https://doi.org/10.57934/0b01e41080218246, "WSNPTAB"
https://doi.org/10.57934/0b01e41080218290, "VSLPOSTCODEBUS"
https://doi.org/10.57934/0b01e41080218296, "VSLVIERKANTTAB"
https://doi.org/10.57934/0b01e41080218460, "OBJECTWONINGTAB"
https://doi.org/10.57934/0b01e4108021854e, "VRLOBJECTWOONMUTTAB"
https://doi.org/10.57934/0b01e41080218613, "NIETGBAVERBLIJFBUS"
https://doi.org/10.57934/0b01e41080218674, "NIETGBAPERSOONTAB"
https://doi.org/10.57934/0b01e410802186eb, "NIETGBANATIONALITEITBUS"
https://doi.org/10.57934/0b01e41080218740, "VRLVSLCOORDTAB"
https://doi.org/10.57934/0b01e410802188ad, "EBBJAARTAB"
https://doi.org/10.57934/0b01e410802189c7, "CAOLONEN"
https://doi.org/10.57934/0b01e41080218af6, "ZWEMBADEN"
https://doi.org/10.57934/0b01e41080218b7d, "OVERDEKTE SPORTACCOMMODATIES"
https://doi.org/10.57934/0b01e41080218c3e, "OPENLUCHTSPORTACCOMMODATIES"
https://doi.org/10.57934/0b01e4108021903a, "NBO"
https://doi.org/10.57934/0b01e41080219313, "SECMBEURSMNDBEDRAGBUS"
https://doi.org/10.57934/0b01e410802198d5, "SECMOVACTMNDBEDRAGBUS"
https://doi.org/10.57934/0b01e410802198fa, "SECMPENSIOENMNDBEDRAGBUS"
https://doi.org/10.57934/0b01e41080219901, "SECMSOCVOORZOVMNDBEDRAGBUS"
https://doi.org/10.57934/0b01e41080219921, "SECMWERKLMNDBEDRAGBUS"
https://doi.org/10.57934/0b01e41080219944, "SECMWERKNDGAMNDBEDRAGBUS"
https://doi.org/10.57934/0b01e4108021994b, "SECMZIEKTEAOMNDBEDRAGBUS"
https://doi.org/10.57934/0b01e4108021996d, "SECMZLFMNDBEDRAGBUS"
https://doi.org/10.57934/0b01e4108021a4b5, "SECMBIJSTMNDBEDRAGBUS"
https://doi.org/10.57934/0b01e4108021a79f, "BIJSTANDVORDERINGTAB"
https://doi.org/10.57934/0b01e4108021a7e1, "SRGLOONKOSTUITSTROOMTAB"
https://doi.org/10.57934/0b01e4108021a84b, "SRGPERSONENTAB"
https://doi.org/10.57934/0b01e4108021a85e, "SRGTRAJINSTROOMTAB"
https://doi.org/10.57934/0b01e4108021a863, "SRGTRAJUITSTROOMTAB"
https://doi.org/10.57934/0b01e4108021a892, "UWVCOACHTAB"
https://doi.org/10.57934/0b01e4108021a8b2, "UWVRICOACHTAB"
https://doi.org/10.57934/0b01e4108021a8d5, "UWVTRAAGGTABULT"
https://doi.org/10.57934/0b01e4108021a938, "UWVTRAAGGTAB"
https://doi.org/10.57934/0b01e4108021a983, "VERWIJZINGTAB"
https://doi.org/10.57934/0b01e4108021a987, "UWVTRAPERSAGGTAB"
https://doi.org/10.57934/0b01e4108021a9a6, "WWPERSOONBUS"
https://doi.org/10.57934/0b01e4108021ac80, "RESULTAAT_CPVACTORXZORGTYPE_JJJJ__XXXX"
https://doi.org/10.57934/0b01e4108021b63d, "IHI"
https://doi.org/10.57934/0b01e4108021bc68, "PERSOONINKTAB"
https://doi.org/10.57934/0b01e4108021dda7, "MESTTRANSPORT LANDBOUW"
https://doi.org/10.57934/0b01e4108021f3e9, "PRODCOM"
https://doi.org/10.57934/0b01e41080220224, "VAKBONDSLEDEN"
https://doi.org/10.57934/0b01e41080220308, "WERKSTAKINGEN"
https://doi.org/10.57934/0b01e410802212e4, "IHG"
https://doi.org/10.57934/0b01e410802213d8, "IHG_NAAR_BE_ID_CVB2_JJJ"
https://doi.org/10.57934/0b01e41080222074, "WATERSPORTCLUBS"
https://doi.org/10.57934/0b01e4108022235d, "EXPLOITANTEN VAN JACHTHAVENS"
https://doi.org/10.57934/0b01e41080222459, "ZEIL- EN SURFSCHOLEN"
https://doi.org/10.57934/0b01e41080222712, "AOTOTUITKERINGTAB"
https://doi.org/10.57934/0b01e41080222a0c, "EXPLZWEMSPORT"
https://doi.org/10.57934/0b01e41080222a9c, "NIETVSLGWBTAB"
https://doi.org/10.57934/0b01e41080223295, "SPORTORGANISATIES"
https://doi.org/10.57934/0b01e4108022620b, "JACHTHAVENS"
https://doi.org/10.57934/0b01e410802289e7, "CWITAB"
https://doi.org/10.57934/0b01e41080229690, "AKO"
https://doi.org/10.57934/0b01e410802297dd, "SRJ0_RB"
https://doi.org/10.57934/0b01e4108023374d, "PS_ZORGINSTELLINGEN"
https://doi.org/10.57934/0b01e41080234a2f, "BJZAWBZTAB"
https://doi.org/10.57934/0b01e410802359a7, "DOODOORZTAB"
https://doi.org/10.57934/0b01e41080236680, "EIGENDOMWOZTAB"
https://doi.org/10.57934/0b01e41080236a3c, "VRLVSLGWBTAB"
https://doi.org/10.57934/0b01e41080236a82, "VSLGWBTAB"
https://doi.org/10.57934/0b01e41080236c43, "NIET-FINANCIËLE BALANSEN"
https://doi.org/10.57934/0b01e41080237d2e, "GGA_PERSONEEL"
https://doi.org/10.57934/0b01e41080238220, "EBBHISTAB"
https://doi.org/10.57934/0b01e4108023850a, "JZPLUSTAB"
https://doi.org/10.57934/0b01e41080238730, "NABIJHEIDZORGTAB"
https://doi.org/10.57934/0b01e410802387ea, "NABIJHEIDONDERWIJSTAB"
https://doi.org/10.57934/0b01e41080238810, "NABIJHEIDVERKEERTAB"
https://doi.org/10.57934/0b01e41080238887, "NABIJHEIDKINDOPVTAB"
https://doi.org/10.57934/0b01e4108023890f, "NABIJHEIDDETAILHTAB"
https://doi.org/10.57934/0b01e4108023899c, "NABIJHEIDHORECATAB"
https://doi.org/10.57934/0b01e41080238a45, "NABIJHEIDCULTUURTAB"
https://doi.org/10.57934/0b01e41080239956, "VSLGWBTAB"
https://doi.org/10.57934/0b01e4108023ada2, "VSLGWBTAB"
https://doi.org/10.57934/0b01e4108023b033, "SKH0_FEITEN_INS"
https://doi.org/10.57934/0b01e4108023b137, "SKH0_FEITEN_OM"
https://doi.org/10.57934/0b01e4108023b1b0, "SKH0_FEITEN_RM"
https://doi.org/10.57934/0b01e4108023b227, "SKH0_ZAKEN_OM"
https://doi.org/10.57934/0b01e4108023b280, "SKH0_ZAKEN_IN"
https://doi.org/10.57934/0b01e4108023b2a3, "SKH0_ZAKEN_RM"
https://doi.org/10.57934/0b01e4108023d260, "EMISSIES MOBIELE BRONNEN"
https://doi.org/10.57934/0b01e4108023dd70, "KDV"
https://doi.org/10.57934/0b01e4108023e1d9, "BSO"
https://doi.org/10.57934/0b01e4108023e255, "KUNSTIJSBANEN"
https://doi.org/10.57934/0b01e4108023f1cc, "FHS_STATIONAIR"
https://doi.org/10.57934/0b01e4108023f2b9, "GBABURGERLIJKESTAATBUS"
https://doi.org/10.57934/0b01e4108023f573, "GBALEVENDGEBORENENMASSATAB"
https://doi.org/10.57934/0b01e4108023f577, "GBAPERSOONTAB"
https://doi.org/10.57934/0b01e41080240653, "EXPLOITANTEN VAN RECREATIEVE INSTELLINGEN EN RECREATIECENTRA"
https://doi.org/10.57934/0b01e4108024066c, "GBABURGERLIJKESTAATBUS"
https://doi.org/10.57934/0b01e410802422af, "SHNTAB"
https://doi.org/10.57934/0b01e4108024300f, "PS_AUTOHANDEL"
https://doi.org/10.57934/0b01e410802430fe, "PS_WATERAFVAL"
https://doi.org/10.57934/0b01e41080243607, "PS_ONROERENDGOED"
https://doi.org/10.57934/0b01e41080244532, "PS_BOUWNIJVERHEID"
https://doi.org/10.57934/0b01e41080245d3f, "PS_COMMERCIELEDIENSTEN"
https://doi.org/10.57934/0b01e41080246112, "POLISBUS"
https://doi.org/10.57934/0b01e4108024847a, "SPOLISBUS"
https://doi.org/10.57934/0b01e41080248679, "EBBHHBTAB"
https://doi.org/10.57934/0b01e41080253ac7, "EBBAFLTAB"
https://doi.org/10.57934/0b01e4108025dd59, "ZORGMVTAB"
https://doi.org/10.57934/0b01e4108025f7d8, "DIPLOMAVAVOTAB"
https://doi.org/10.57934/0b01e4108026177a, "EIGENDOMWOZBAGTAB"
https://doi.org/10.57934/0b01e4108026658e, "REGIOHISTORIE"
https://doi.org/10.57934/0b01e41080267a5b, "BRINTAB"
https://doi.org/10.57934/0b01e4108026844e, "GECON"
https://doi.org/10.57934/0b01e4108026a2cc, "MUSEA"
https://doi.org/10.57934/0b01e4108026aa74, "BIJSTANDUITKERINGTAB"
https://doi.org/10.57934/0b01e4108026c199, "SRGPERSOONPWETBUS"
https://doi.org/10.57934/0b01e4108026c1bc, "SRGVOORZIENINGPWETTAB"
https://doi.org/10.57934/0b01e4108026c236, "BRINWPOWECTAB"
https://doi.org/10.57934/0b01e4108026c90f, "ONDERWIJSDEELNEMERSTAB"
https://doi.org/10.57934/0b01e4108026cb25, "ONDERWIJSINSCHRTAB"
https://doi.org/10.57934/0b01e4108026d541, "HUURENQUETE"
https://doi.org/10.57934/0b01e4108026e6e9, "GBASCHEIDINGENMASSATAB"
https://doi.org/10.57934/0b01e4108026f451, "INSCHRWECTAB"
https://doi.org/10.57934/0b01e4108026f58c, "GBAVERBINTENISSENMASSATAB"
https://doi.org/10.57934/0b01e4108026f8c5, "SECMDTFBUS"
https://doi.org/10.57934/0b01e4108026f8cc, "GBASTANDBEVOLKINGTAB"
https://doi.org/10.57934/0b01e4108026fb68, "EBBFAMILIETAB"
https://doi.org/10.57934/0b01e41080270196, "VERKEERSPRESTATIETAB"
https://doi.org/10.57934/0b01e410802705f6, "GEWASBESCHERMING; BIOLOGISCHE BESTRIJDERS"
https://doi.org/10.57934/0b01e4108027069f, "GEWASBESCHERMING; MECHANISCHE EN OVERIGE METHODEN"
https://doi.org/10.57934/0b01e410802723a9, "GEWASBESCHERMING, CHEMISCH EN MICROBIOLOGISCH"
https://doi.org/10.57934/0b01e41080273425, "EBBVRGTAB"
https://doi.org/10.57934/0b01e41080273759, "ASIEL"
https://doi.org/10.57934/0b01e41080273760, "EBBGELOOFTAB"
https://doi.org/10.57934/0b01e41080275998, "IPO-JJJJ-I56-V00-B00-DSC"
https://doi.org/10.57934/0b01e410802768c5, "MUSEA"
https://doi.org/10.57934/0b01e41080276b70, "IOWUITKERING1ATAB"
https://doi.org/10.57934/0b01e4108027701d, "ANWUITKERING1ATAB"
https://doi.org/10.57934/0b01e41080277932, "POLISHOOFDBAANBUS"
https://doi.org/10.57934/0b01e41080277938, "SPOLISHOOFDBAANBUS"
https://doi.org/10.57934/0b01e41080277df8, "VSLGWBTAB"
https://doi.org/10.57934/0b01e410802785ff, "EBBLONGTAB"
https://doi.org/10.57934/0b01e410802ad607, "INSCHRDECWPO"
https://doi.org/10.57934/0b01e410802ae699, "SPOLISBUS"
https://doi.org/10.57934/0b01e410802ae77b, "UIT_PERSONEN"
https://doi.org/10.57934/0b01e410802afe8e, "INSCHRDECWEC"
https://doi.org/10.57934/0b01e410802b13ef, "UIT_VAKANTIES"
https://doi.org/10.57934/0b01e410802b3e81, "OVIN"
https://doi.org/10.57934/0b01e410802b73ed, "PGBAWBZTAB"
https://doi.org/10.57934/0b01e410802b7b42, "SFGO"
https://doi.org/10.57934/0b01e410802bb078, "GIR"
https://doi.org/10.57934/0b01e410802bdc4c, "NEA2014"
https://doi.org/10.57934/0b01e410802bde75, "HUURENQUETE"
https://doi.org/10.57934/0b01e410802c6e9a, "GECON"
https://doi.org/10.57934/0b01e410802c9664, "CBS INSTROOM"
https://doi.org/10.57934/0b01e410802cda4f, "RTD"
https://doi.org/10.57934/0b01e410802cec20, "BRANDWEER"
https://doi.org/10.57934/0b01e410802cf870, "VRLVSLGWBTAB"
https://doi.org/10.57934/0b01e410802d2492, "NIETVSLGWBTAB"
https://doi.org/10.57934/0b01e410802d308c, "PS_GEZONDHEIDSWELZIJNSZORG"
https://doi.org/10.57934/0b01e410802d4eda, "BUDGETONDERZOEK"
https://doi.org/10.57934/0b01e410802d7a90, "INSCHRWPOTAB"
https://doi.org/10.57934/0b01e410802d7ab6, "CITOTAB"
https://doi.org/10.57934/0b01e410802d7c68, "OUTWARD_FATS"
https://doi.org/10.57934/0b01e410802d9c48, "EUSILC2013_INCLRIN"
https://doi.org/10.57934/0b01e410802dcb3f, "GIR"
https://doi.org/10.57934/0b01e410802dd351, "PS_DIENSTVERLENINGLANDBOUW"
https://doi.org/10.57934/0b01e410802ddb5e, "PS_AUTOHANDEL"
https://doi.org/10.57934/0b01e410802ddf78, "PS_BOUWNIJVERHEID"
https://doi.org/10.57934/0b01e410802df09e, "PS_COMMERCIELEDIENSTEN"
https://doi.org/10.57934/0b01e410802df154, "PS_DELFSTOFFENWINNING"
https://doi.org/10.57934/0b01e410802df837, "PS_WATERAFVAL"
https://doi.org/10.57934/0b01e410802e0723, "PS_TRANSPORT"
https://doi.org/10.57934/0b01e410802e0ed0, "PS_ENERGIE"
https://doi.org/10.57934/0b01e410802e1643, "PS_GROOTHANDEL"
https://doi.org/10.57934/0b01e410802e1ca5, "PS_DETAILHANDEL"
https://doi.org/10.57934/0b01e410802e263a, "PS_ONROERENDGOED"
https://doi.org/10.57934/0b01e410802e328c, "PS_INDUSTRIE"
https://doi.org/10.57934/0b01e410802ece09, "ABR_Regio"
https://doi.org/10.57934/0b01e410802ee816, "SPOLISBUS"
https://doi.org/10.57934/0b01e410802f1e27, "NEA2015"
https://doi.org/10.57934/0b01e410802f39ef, "GECON"
https://doi.org/10.57934/0b01e410802f714e, "DIPLOMAHOTAB"
https://doi.org/10.57934/0b01e410802f9798, "DGGBAPERSOONTAB"
https://doi.org/10.57934/0b01e410802fa8cd, "GBHSLI"
https://doi.org/10.57934/0b01e410802fa8fd, "CRI_KOPPINCVERDSL"
https://doi.org/10.57934/0b01e410802fd2e6, "VSLGWBTAB"
https://doi.org/10.57934/0b01e410802ffc7c, "EBBWWZTAB"
https://doi.org/10.57934/0b01e4108030022b, "PS_GEZONDHEIDSWELZIJNSZORG"
https://doi.org/10.57934/0b01e41080300e9b, "PNR"
https://doi.org/10.57934/0b01e41080303c1b, "LSB"
https://doi.org/10.57934/0b01e4108030b5f9, "LMRBASIS1995-2005"
https://doi.org/10.57934/0b01e4108030b76a, "LMRBASIS2006-2007"
https://doi.org/10.57934/0b01e4108030b8d5, "LMRBASIS2008-2010"
https://doi.org/10.57934/0b01e4108030ba3c, "LMRBASIS2011"
https://doi.org/10.57934/0b01e4108030bccb, "LMR_BASIS"
https://doi.org/10.57934/0b01e4108030bd0d, "LMRDIAGNOSEN1995-2010"
https://doi.org/10.57934/0b01e4108030be2d, "LMRDIAGNOSEN2011"
https://doi.org/10.57934/0b01e4108030be8c, "LMR_DIAGN"
https://doi.org/10.57934/0b01e4108030bf02, "LMRVERRICHTINGEN2006"
https://doi.org/10.57934/0b01e4108030bf85, "LMRVERRICHTINGEN2007"
https://doi.org/10.57934/0b01e4108030c474, "LMRVERRICHTINGEN2008"
https://doi.org/10.57934/0b01e4108030c4cc, "LMRVERRICHTINGEN2009"
https://doi.org/10.57934/0b01e4108030c536, "LMRVERRICHTINGEN2010"
https://doi.org/10.57934/0b01e4108030c58c, "LMR_VERRICHT"
https://doi.org/10.57934/0b01e4108030ce6c, "DEELCERTIFICATENVAVOTAB"
https://doi.org/10.57934/0b01e4108030ce73, "EBBVRGTAB"
https://doi.org/10.57934/0b01e4108030d30d, "EBBJAARTAB"
https://doi.org/10.57934/0b01e41080311cf4, "EIGENDOMTAB"
https://doi.org/10.57934/0b01e41080315476, "NIET-FINANCIËLE BALANSEN"
https://doi.org/10.57934/0b01e41080315517, "HUISARTSENPOSTEN"
https://doi.org/10.57934/0b01e4108032699b, "OVIN"
https://doi.org/10.57934/0b01e41080327562, "EBBJAARTAB"
https://doi.org/10.57934/0b01e41080328276, "REGIOHISTORIE"
https://doi.org/10.57934/0b01e41080328539, "RESULTAAT_ACTORXHF_JJJJ__XXXX"
https://doi.org/10.57934/0b01e41080328aeb, "RESULTAAT_HCSHA2ACTORXHFSHA2_JJJJ__XXXX.CSV"
https://doi.org/10.57934/0b01e41080329434, "DONORTAB"
https://doi.org/10.57934/0b01e41080329e9c, "EMISSIES MOBIELE BRONNEN"
https://doi.org/10.57934/0b01e4108032bd2b, "DAGEN_NACHTEN"
https://doi.org/10.57934/0b01e4108032c1ae, "UIT_VAKANTIES"
https://doi.org/10.57934/0b01e4108033085a, "WMOTAB"
https://doi.org/10.57934/0b01e4108033088e, "KOSTENJEUGDZORG"
https://doi.org/10.57934/0b01e41080330900, "KOSTENSBO"
https://doi.org/10.57934/0b01e41080330fbe, "FHS_STATIONAIR"
https://doi.org/10.57934/0b01e410803310a1, "CPICN"
https://doi.org/10.57934/0b01e41080331b11, "GEDETINEERDENTAB"
https://doi.org/10.57934/0b01e41080331cfa, "CIS"
https://doi.org/10.57934/0b01e410803330e0, "WVNEDVRACHT"
https://doi.org/10.57934/0b01e4108033318e, "GEMWIJKSTPLTAB"
https://doi.org/10.57934/0b01e41080337976, "INWARD_FATS"
https://doi.org/10.57934/0b01e41080337ace, "SPOLISBUS"
https://doi.org/10.57934/0b01e4108033c6f0, "VRLGBAGEBOORTEGEMEENTETAB"
https://doi.org/10.57934/0b01e4108033c722, "PIVAPERSOONTAB"
https://doi.org/10.57934/0b01e410803419c4, "ZEA"
https://doi.org/10.57934/0b01e410803432a6, "SECMBUS"
https://doi.org/10.57934/0b01e410803433b3, "WERKSTAKINGEN"
https://doi.org/10.57934/0b01e4108034354d, "EXAMVOTAB"
https://doi.org/10.57934/0b01e41080344250, "HOUTKETELSGR18KW-"
https://doi.org/10.57934/0b01e410803443a0, "RAVTAB"
https://doi.org/10.57934/0b01e4108034495c, "LMRVERRICHTINGEN2002-2005"
https://doi.org/10.57934/0b01e410803449ad, "LMRVERRICHTINGEN2001"
https://doi.org/10.57934/0b01e41080344a12, "LMRVERRICHTINGEN2000"
https://doi.org/10.57934/0b01e41080344abb, "LMRVERRICHTINGEN1998"
https://doi.org/10.57934/0b01e41080344ac7, "LMRVERRICHTINGEN1997"
https://doi.org/10.57934/0b01e41080344b1c, "LMRVERRICHTINGEN1996"
https://doi.org/10.57934/0b01e41080344b80, "LMRVERRICHTINGEN1995"
https://doi.org/10.57934/0b01e41080347ba4, "LSB"
https://doi.org/10.57934/0b01e41080347e3f, "CPI"
https://doi.org/10.57934/0b01e4108034adc2, "IPO-201J-I5X-V00-B00-DSC"
https://doi.org/10.57934/0b01e4108034c08d, "LMRVERRICHTINGEN1999"
https://doi.org/10.57934/0b01e4108034c0fa, "UWVONTSLAGTAB"
https://doi.org/10.57934/0b01e4108034c168, "HUURENQUETE"
https://doi.org/10.57934/0b01e4108034d142, "MUSEA"
https://doi.org/10.57934/0b01e4108034dcfe, "EBBOPLTAB"
https://doi.org/10.57934/0b01e4108034e259, "NIETVSLGWBTAB"
https://doi.org/10.57934/0b01e4108034e7a1, "VRLVSLGWBTAB"
https://doi.org/10.57934/0b01e4108034eec3, "CIS_2014"
https://doi.org/10.57934/0b01e4108034f3d5, "VRLMIGMOTBUS"
https://doi.org/10.57934/0b01e4108035173a, "ICTHHPERS"
https://doi.org/10.57934/0b01e41080352208, "MSZGELEVERDZORGPROFIELTAB"
https://doi.org/10.57934/0b01e41080352928, "MSZOVERIGEZORGPRODUCTENTAB"
https://doi.org/10.57934/0b01e41080352a13, "MSZSUBTRAJECTENTAB"
https://doi.org/10.57934/0b01e41080353a7a, "PS_COMMERCIELEDIENSTEN"
https://doi.org/10.57934/0b01e41080353cd1, "PS_ENERGIE"
https://doi.org/10.57934/0b01e41080355050, "PS_DETAILHANDEL"
https://doi.org/10.57934/0b01e4108035519c, "NFO"
https://doi.org/10.57934/0b01e4108035613e, "SFGO"
https://doi.org/10.57934/0b01e41080356d09, "BRINHOTAB"
https://doi.org/10.57934/0b01e41080356d0e, "SECMSBIBUS"
https://doi.org/10.57934/0b01e410803582f7, "ZVWZORGKOSTENTAB"
https://doi.org/10.57934/0b01e41080358da7, "LBZBASISTAB"
https://doi.org/10.57934/0b01e41080358e82, "LBZDIAGNOSENTAB"
https://doi.org/10.57934/0b01e41080359721, "CRI_KOPPINCVERDSL"
https://doi.org/10.57934/0b01e41080359758, "SRGPERSOONPWETBUS"
https://doi.org/10.57934/0b01e4108035a027, "JGDHULPBUS"
https://doi.org/10.57934/0b01e4108035a0b3, "VSLGWBTAB"
https://doi.org/10.57934/0b01e4108035a0dd, "GIR"
https://doi.org/10.57934/0b01e4108035b68c, "JGDBESCHERMBUS"
https://doi.org/10.57934/0b01e4108035b738, "JGDRECLASBUS"
https://doi.org/10.57934/0b01e4108035b7e6, "NEA2016"
https://doi.org/10.57934/0b01e4108035d01c, "BIJSTANDVORDERINGTAB"
https://doi.org/10.57934/0b01e4108035dcc9, "PIVAOVERLIJDENTAB"
https://doi.org/10.57934/0b01e4108035e24e, "PIVASTANDBEVOLKINGTAB"
https://doi.org/10.57934/0b01e4108035eba7, "PIVAMIGRATIEBUS"
https://doi.org/10.57934/0b01e4108035f7ed, "POPULATIE_PS_ZORGINSTELLINGEN"
https://doi.org/10.57934/0b01e4108035f7f2, "BJJJJC_N06-DDMMJJ"
https://doi.org/10.57934/0b01e41080361194, "PS_ZORGINSTELLINGEN"
https://doi.org/10.57934/0b01e410803621be, "ASIELVERZOEKEN KERNCIJFERS"
https://doi.org/10.57934/0b01e41080362248, "ASIEL"
https://doi.org/10.57934/0b01e410803625c9, "DERDELANDERS, GEWEIGERD AAN DE GRENS"
https://doi.org/10.57934/0b01e410803625cd, "UITGENODIGDE VLUCHTELINGEN"
https://doi.org/10.57934/0b01e41080362658, "ASIELVERZOEKEN_INTERNATIONAAL"
https://doi.org/10.57934/0b01e41080363a09, "PODIUMKUNSTEN"
https://doi.org/10.57934/0b01e41080363a5b, "BIBLIOTHEKEN"
https://doi.org/10.57934/0b01e41080363c2b, "VERBLIJFSVERGUNNINGBEP"
https://doi.org/10.57934/0b01e41080365633, "REGIOHISTORIE"
https://doi.org/10.57934/0b01e41080365a35, "AMV"
https://doi.org/10.57934/0b01e41080365e27, "AOTOTUITKERINGTAB"
https://doi.org/10.57934/0b01e41080367507, "SVO"
https://doi.org/10.57934/0b01e410803678d2, "EBBVRGTAB"
https://doi.org/10.57934/0b01e41080368748, "EBBARBZORGTAB"
https://doi.org/10.57934/0b01e410803687d6, "EBBWWZTAB"
https://doi.org/10.57934/0b01e41080368ec0, "EBBAFLTAB"
https://doi.org/10.57934/0b01e4108036aac7, "HOOGSTEOPLTAB"
https://doi.org/10.57934/0b01e4108036b727, "BUDGETONDERZOEK"
https://doi.org/10.57934/0b01e4108036c60c, "VTVPERSOONTAB"
https://doi.org/10.57934/0b01e4108036f664, "LOCATUS_RIN_RA"
https://doi.org/10.57934/0b01e4108036f99c, "MKB"
https://doi.org/10.57934/0b01e4108036fe4d, "BEDRIJFSOPLEIDINGEN"
https://doi.org/10.57934/0b01e41080371196, "INHATAB"
https://doi.org/10.57934/0b01e410803711e9, "AKWUITKERING1ATAB"
https://doi.org/10.57934/0b01e41080371d30, "IBHV"
https://doi.org/10.57934/0b01e41080372391, "WMOTAB"
https://doi.org/10.57934/0b01e410803724ba, "KOSTENSBW"
https://doi.org/10.57934/0b01e41080372639, "MKB, MILIEU-UITGAVEN, STATBASE"
https://doi.org/10.57934/0b01e41080372fbd, "INPATAB"
https://doi.org/10.57934/0b01e4108037363f, "VEHTAB"
https://doi.org/10.57934/0b01e41080377aa5, "ICTHHPERS"
https://doi.org/10.57934/0b01e41080378b4a, "HUURENQUETE"
https://doi.org/10.57934/0b01e4108037b08b, "EBBARBZORGTAB"
https://doi.org/10.57934/0b01e4108037b912, "RIJBEWIJZEN"
https://doi.org/10.57934/0b01e4108037c478, "B2110C_OPH"
https://doi.org/10.57934/0b01e4108037e2f0, "ZVWZORGKOSTENTAB"
https://doi.org/10.57934/0b01e4108037e8f2, "EXAMVOVAKTAB"
https://doi.org/10.57934/0b01e41080380011, "ICTHHPERS"
https://doi.org/10.57934/0b01e41080382602, "LSB"
https://doi.org/10.57934/0b01e4108038399c, "PA_ANALYSEBESTAND"
https://doi.org/10.57934/0b01e41080383a0f, "NIETVSLGWBTAB"
https://doi.org/10.57934/0b01e41080383bfc, "VSLGWBTAB"
https://doi.org/10.57934/0b01e41080383cb4, "VRLVSLGWBTAB"
https://doi.org/10.57934/0b01e41080385232, "DBCGGZOVERIGEZORGPRODUCTENTAB"
https://doi.org/10.57934/0b01e410803852a8, "GGZDBCDIAGNOSETAB"
https://doi.org/10.57934/0b01e41080385323, "GGZDBCGELEVERDZORGPROFIELTAB"
https://doi.org/10.57934/0b01e41080385766, "GGZDBCTRAJECTENTAB"
https://doi.org/10.57934/0b01e410803877e2, "RIJBEWIJZEN"
https://doi.org/10.57934/0b01e41080387b7c, "LSB"
https://doi.org/10.57934/0b01e41080387e31, "POLISLONGBAANTAB"
https://doi.org/10.57934/0b01e41080388d9d, "SPOLISLONGBAANTAB"
https://doi.org/10.57934/0b01e41080388da3, "PERSOONINKTAB"
https://doi.org/10.57934/0b01e41080389449, "IHI"
https://doi.org/10.57934/0b01e410803895e8, "EUSILC2014_INCLRIN"
https://doi.org/10.57934/0b01e4108038a868, "EUSILC"
https://doi.org/10.57934/0b01e4108038bf62, "PS_GEZONDHEIDSWELZIJNSZORG"
https://doi.org/10.57934/0b01e4108038bfdf, "PS_DETAILHANDEL"
https://doi.org/10.57934/0b01e4108038c39b, "FHS_STATIONAIR"
https://doi.org/10.57934/0b01e4108038da75, "SIRAGPERSOONBUS"
https://doi.org/10.57934/0b01e4108038dd21, "BA_ANALYSEBESTAND"
https://doi.org/10.57934/0b01e4108038e051, "EBBOPLTAB"
https://doi.org/10.57934/0b01e4108038ea51, "CPICN"
https://doi.org/10.57934/0b01e4108038f5c1, "BU_ANALYSEBESTAND"
https://doi.org/10.57934/0b01e4108038f7c3, "VT_ANALYSEBESTAND"
https://doi.org/10.57934/0b01e410803917f0, "INPHHKERNTAB"
https://doi.org/10.57934/0b01e410803922c0, "SPOLISBUS"
https://doi.org/10.57934/0b01e41080392eee, "ZEA"
https://doi.org/10.57934/0b01e41080394cd6, "NEA2014"
https://doi.org/10.57934/0b01e41080395177, "NEA2015"
https://doi.org/10.57934/0b01e41080395c06, "LBZDIAGNOSENTAB"
https://doi.org/10.57934/0b01e41080396e76, "LBZBASISTAB"
https://doi.org/10.57934/0b01e410803972d0, "SV_ANALYSEBESTAND"
https://doi.org/10.57934/0b01e41080398602, "MSZSUBTRAJECTENTAB"
https://doi.org/10.57934/0b01e410803986d1, "ICTHHPERS"
https://doi.org/10.57934/0b01e4108039c860, "OPLARCHIEFINT"
https://doi.org/10.57934/0b01e4108039d60f, "WMOBUS"
https://doi.org/10.57934/0b01e4108039d623, "DEELTIJDFACTORBAANBUS"
https://doi.org/10.57934/0b01e4108039f53c, "AOWPERSOONBUS"
https://doi.org/10.57934/0b01e4108039f7a7, "EWLBUS"
https://doi.org/10.57934/0b01e4108039ff2d, "GEMIDDELDE REACTIETIJDEN BRANDWEER"
https://doi.org/10.57934/0b01e410803a0154, "BAANPRSMNDBEDRAGBUS"
https://doi.org/10.57934/0b01e410803a042e, "INDICWLZTAB"
https://doi.org/10.57934/0b01e410803a0bcb, "LUCHTVLOOT"
https://doi.org/10.57934/0b01e410803a0be3, "BIJSTANDVORDERINGTAB"
https://doi.org/10.57934/0b01e410803a1918, "EWPUBLBUS"
https://doi.org/10.57934/0b01e410803a1bfe, "PODIUMKUNSTEN"
https://doi.org/10.57934/0b01e410803a20bd, "GEBWMOTAB"
https://doi.org/10.57934/0b01e410803a225d, "GEBWLZTAB"
https://doi.org/10.57934/0b01e410803a2b55, "CONTACTGEGEVENSGEMEENTEN"
https://doi.org/10.57934/0b01e410803a2d15, "WWPERSOONMNDBEDRAGBUS"
https://doi.org/10.57934/0b01e410803a2dcd, "INSTROOMOMTAB"
https://doi.org/10.57934/0b01e410803a2e9f, "UITSTROOMRECHTERTAB"
https://doi.org/10.57934/0b01e410803a3039, "UITSTROOMOMTAB"
https://doi.org/10.57934/0b01e410803a3085, "WBR"
https://doi.org/10.57934/0b01e410803a3251, "AOTOTPERSOONMNDBEDRAGBUS"
https://doi.org/10.57934/0b01e410803a5088, "SVO"
https://doi.org/10.57934/0b01e410803a7251, "PENSIOENAANSPRAAKJJJJANA"
https://doi.org/10.57934/0b01e410803a761f, "REGIOHISTORIE"
https://doi.org/10.57934/0b01e410803a80ae, "DOELGROEPREGISTERJJJJEIND"
https://doi.org/10.57934/0b01e410803a845b, "DOELGROEPREGISTERJJJJEIND"
https://doi.org/10.57934/0b01e410803a91d8, "NEA2017"
https://doi.org/10.57934/0b01e410803aa009, "BIJSTANDFRAUDE-JJJJMM+5"
https://doi.org/10.57934/0b01e410803ab3a2, "BIJSTANDFRAUDE-JJJJMM+5"
https://doi.org/10.57934/0b01e410803ab505, "PERSOONINKBEIDTAB"
https://doi.org/10.57934/0b01e410803ab5c8, "BIJSTANDFRAUDE-JJJJMM+5"
https://doi.org/10.57934/0b01e410803ab696, "BIJSTANDFRAUDE-JJJJMM+5"
https://doi.org/10.57934/0b01e410803ab818, "VRKTAB"
https://doi.org/10.57934/0b01e410803abb1a, "NLSTAB"
https://doi.org/10.57934/0b01e410803ac56f, "HOOGSTEOPLTAB"
https://doi.org/10.57934/0b01e410803ac673, "INPBEIDTAB"
https://doi.org/10.57934/0b01e410803ad97f, "BIJSTANDFRAUDE-JJJJMM+5"
https://doi.org/10.57934/0b01e410803ada85, "BIJSTANDFRAUDE-JJJJMM+5"
https://doi.org/10.57934/0b01e410803adba2, "BIJSTANDFRAUDE-JJJJMM+5"
https://doi.org/10.57934/0b01e410803ade64, "BIJSTANDFRAUDE-JJJJMM+5"
https://doi.org/10.57934/0b01e410803ae22c, "BIJSTANDFRAUDE-JJJJMM+5"
https://doi.org/10.57934/0b01e410803ae359, "BIJSTANDFRAUDE-JJJJMM+5"
https://doi.org/10.57934/0b01e410803ae46a, "BIJSTANDFRAUDE-JJJJMM+5"
https://doi.org/10.57934/0b01e410803ae553, "GIR"
https://doi.org/10.57934/0b01e410803aec44, "EXAMVOTAB"
https://doi.org/10.57934/0b01e410803aec6c, "BIJSTANDPERSOONMNDBEDRAGBUS"
https://doi.org/10.57934/0b01e410803af60c, "ZWPERSOONMNDBEDRAGBUS"
https://doi.org/10.57934/0b01e410803af808, "WGPERSOONMNDBEDRAGBUS"
https://doi.org/10.57934/0b01e410803af80e, "ANWPERSOONMNDBEDRAGBUS"
https://doi.org/10.57934/0b01e410803af966, "WATERSPORTCLUBS"
https://doi.org/10.57934/0b01e410803af9be, "GEMEENTESTPLTAB"
https://doi.org/10.57934/0b01e410803afb68, "PGBWLZWMOJWTAB"
https://doi.org/10.57934/0b01e410803afb82, "HUURENQUETE"
https://doi.org/10.57934/0b01e410803afc48, "ZVWZZGTAB"
https://doi.org/10.57934/0b01e410803afe83, "ZVWWVPTAB"
https://doi.org/10.57934/0b01e410803b1859, "GBASAMENWONERSBUS"
https://doi.org/10.57934/0b01e410803b1957, "GBAADRESOBJECTBUS"
https://doi.org/10.57934/0b01e410803b2f45, "EXPLZWEMSPORT"
https://doi.org/10.57934/0b01e410803b331e, "GBIENERGIE"
https://doi.org/10.57934/0b01e410803b338f, "GBAMIGRATIEBUS"
https://doi.org/10.57934/0b01e410803b37a9, "GBAPERSOONTAB"
https://doi.org/10.57934/0b01e410803b37dc, "GBAOVERLIJDENTAB"
https://doi.org/10.57934/0b01e410803b37e0, "GBABURGERLIJKESTAATBUS"
https://doi.org/10.57934/0b01e410803b3892, "VRLGBAADRESOBJECTBUS"
https://doi.org/10.57934/0b01e410803b3938, "VRLGBABURGERLIJKESTAATBUS"
https://doi.org/10.57934/0b01e410803b397a, "VRLGBAOVERLIJDENTAB"
https://doi.org/10.57934/0b01e410803b397f, "OORLVERZETPERSOONMNDBEDRAGBUS"
https://doi.org/10.57934/0b01e410803b3a96, "GBANATIONALITEITBUS"
https://doi.org/10.57934/0b01e410803b3c0c, "RESTUITKPERSOONMNDBEDRAGBUS"
https://doi.org/10.57934/0b01e410803b3cfd, "VRLGBANATIONALITEITBUS"
https://doi.org/10.57934/0b01e410803b3d06, "VRLGBAADRESBUITENLANDBUS"
https://doi.org/10.57934/0b01e410803b3db5, "GBAADRESBUITENLANDBUS"
https://doi.org/10.57934/0b01e410803b3f6d, "FITNESSCENTRA"
https://doi.org/10.57934/0b01e410803b3fcf, "VRLGBAMIGRATIEBUS"
https://doi.org/10.57934/0b01e410803b4422, "VRLGBAPERSOONTAB"
https://doi.org/10.57934/0b01e410803b57a6, "PENSOVPERSOONMNDBEDRAGBUS"
https://doi.org/10.57934/0b01e410803b5c41, "AOWPERSOONMNDBEDRAGBUS"
https://doi.org/10.57934/0b01e410803b62b5, "PARTICULIERE EXPLOITANTEN VAN JACHTHAVENS"
https://doi.org/10.57934/0b01e410803b6e3a, "SPORTCLUBS"
https://doi.org/10.57934/0b01e410803b6e93, "BRINWPOWECTAB"
https://doi.org/10.57934/0b01e410803b70b0, "BRINTAB"
https://doi.org/10.57934/0b01e410803b79ac, "GBAKINDERENVANDETWEEDEGENERATIE"
https://doi.org/10.57934/0b01e410803b79c1, "EBWMOZTHTAB"
https://doi.org/10.57934/0b01e410803b7c93, "DOELGROEPREGISTERJJJJEIND"
https://doi.org/10.57934/0b01e410803b8584, "EBWMOVBLBUS"
https://doi.org/10.57934/0b01e410803b85a2, "EBWLZBUS"
https://doi.org/10.57934/0b01e410803b8794, "INSCHRWPOTAB"
https://doi.org/10.57934/0b01e410803b99ee, "ENERGIEBALANS_MICRO"
https://doi.org/10.57934/0b01e410803ba0ed, "ZVWELVTAB"
https://doi.org/10.57934/0b01e410803ba7bc, "SCHTAB"
https://doi.org/10.57934/0b01e410803baba7, "CIS_2016"
https://doi.org/10.57934/0b01e410803baceb, "NIETVSLGWBTAB"
https://doi.org/10.57934/0b01e410803bb11e, "VRLVSLGWBTAB"
https://doi.org/10.57934/0b01e410803bb1e3, "VSLGWBTAB"
https://doi.org/10.57934/0b01e410803bbd8a, "BIJSTANDPERSOONJAARBEDRAGTAB"
https://doi.org/10.57934/0b01e410803bc5e8, "WLZZINTAB"
https://doi.org/10.57934/0b01e410803bc601, "LUCHTVLOOT"
https://doi.org/10.57934/0b01e410803bd426, "GECON"
https://doi.org/10.57934/0b01e410803bda41, "CITOTAB"
https://doi.org/10.57934/0b01e410803bf645, "PS_INDUSTRIE"
https://doi.org/10.57934/0b01e410803c038d, "AROM"
https://doi.org/10.57934/0b01e410803c99c0, "PWETSRGPERSOONBUS"
https://doi.org/10.57934/0b01e410803ca6fd, "PWETSRGVOORZIENINGTAB"
https://doi.org/10.57934/0b01e410803cc816, "FAILLISSEMENTEN"
https://doi.org/10.57934/0b01e410803cd2e5, "INEC"
https://doi.org/10.57934/0b01e410803cd978, "INEC2010"
https://doi.org/10.57934/0b01e410803ce3d6, "VAKBONDSLEDEN"
https://doi.org/10.57934/0b01e410803ced4f, "WERKSTAKINGEN"
https://doi.org/10.57934/0b01e410803d1187, "ABR_Regio"
https://doi.org/10.57934/0b01e410803d136c, "EBBWWZTAB"
https://doi.org/10.57934/0b01e410803d2e76, "KENHUURCN"
https://doi.org/10.57934/0b01e410803d3138, "BEIDSMETVESTIGINGSINFO_JJJJV_COROP_SBI93"
https://doi.org/10.57934/0b01e410803d32b1, "BEIDSMETVESTIGINGSINFO"
https://doi.org/10.57934/0b01e410803d490b, "RESULTAAT_HCSHA2ACTORXHFSHA2_JJJJ__XXXX.CSV"
https://doi.org/10.57934/0b01e410803d6f01, "BJJJJC_N06-DDMMJJ"
https://doi.org/10.57934/0b01e410803d6f66, "BJJJJC_N06-DDMMJJ"
https://doi.org/10.57934/0b01e410803d96e5, "AKO"
https://doi.org/10.57934/0b01e410803e1a31, "NKOXCOG"
https://doi.org/10.57934/0b01e410803e9069, "NKOXCOG"
https://doi.org/10.57934/0b01e410803f3af5, "GBASAMENWONERBUS"
https://doi.org/10.57934/0b01e410803f961c, "AKWUITKERING1BTAB"
https://doi.org/10.57934/0b01e4108040071e, "NKOXCOG"
https://doi.org/10.57934/0b01e41080400ee0, "GWUMM"
https://doi.org/10.57934/0b01e41080405825, "AOTOTUITKERINGATAB"
https://doi.org/10.57934/0b01e4108040c9cd, "ICTHHPERS"
https://doi.org/10.57934/0b01e410804102b1, "SVO"
https://doi.org/10.57934/0b01e41080422afc, "WONINGREGISTER"
https://doi.org/10.57934/0b01e4108042e057, "ZVWZORGKOSTENTAB"
https://doi.org/10.57934/0b01e410804381a5, "NKOXCOG"
https://doi.org/10.57934/0b01e410804389ab, "STANDGEDETINEERDENTAB"
https://doi.org/10.57934/0b01e41080438fdd, "GIR"
https://doi.org/10.57934/0b01e41080440684, "HUURENQUETE"
https://doi.org/10.57934/0b01e41080447ee1, "GBAKINDBUS"
https://doi.org/10.57934/0b01e41080448d92, "EBBAFLTAB"
https://doi.org/10.57934/0b01e4108044cef3, "REGIOHISTORIE"
https://doi.org/10.57934/0b01e4108044fdb8, "INSCHRWECTAB"
https://doi.org/10.57934/0b01e41080454adb, "WGE2019-I"
https://doi.org/10.57934/0b01e4108045c679, "JGDHULPBUS"
https://doi.org/10.57934/0b01e4108045cbe3, "WNE2019-I"
https://doi.org/10.57934/0b01e4108045e194, "POLSOIN"
https://doi.org/10.57934/0b01e4108045ffe9, "KENHUURCN"
https://doi.org/10.57934/0b01e41080467f24, "KOSTENSBW"
https://doi.org/10.57934/0b01e41080467f5a, "KOSTENJEUGDZORG"
https://doi.org/10.57934/0b01e4108046da16, "OG_PERSOON"
https://doi.org/10.57934/0b01e4108046da46, "ABR"
https://doi.org/10.57934/0b01e4108046db6f, "BE_EVENTBIJDRAGEN_ABR"
https://doi.org/10.57934/0b01e4108046db8e, "BE_OG_ABR"
https://doi.org/10.57934/0b01e4108046dbcc, "BE_PERSOON_ABR"
https://doi.org/10.57934/0b01e4108046dbd5, "KOPPELTABELZELFSTANDIGEN"
https://doi.org/10.57934/0b01e4108046dbff, "LBE_ABR"
https://doi.org/10.57934/0b01e4108046dc36, "OG_ABR"
https://doi.org/10.57934/0b01e4108046dc57, "OG_EVENTBIJDRAGEN"
https://doi.org/10.57934/0b01e410804766e7, "EXAMVOJJJJINT"
https://doi.org/10.57934/0b01e4108047a8a4, "EXAMVOJJJJINT"
https://doi.org/10.57934/0b01e4108047a951, "EXAMVOJJJJINT"
https://doi.org/10.57934/0b01e4108047a978, "EXAMVOJJJJINT"
https://doi.org/10.57934/0b01e4108047aa2b, "EXAMVOJJJJINT"
https://doi.org/10.57934/0b01e4108047aacc, "EXAMVOJJJJINT"
https://doi.org/10.57934/0b01e4108047d1a2, "PS_ZORGPRAKTIJKENREVISIE"
https://doi.org/10.57934/0b01e4108047d1c8, "VRLVSLGWBTAB"
https://doi.org/10.57934/0b01e4108048f2ae, "VSLGWBTAB"
https://doi.org/10.57934/0b01e4108048f2db, "NIETVSLGWBTAB"
https://doi.org/10.57934/0b01e41080490d06, "DATA_ZTA"
https://doi.org/10.57934/0b01e41080494edb, "POLSOIN"
https://doi.org/10.57934/0b01e410804ac8e2, "LBZDIAGNOSENTAB"
https://doi.org/10.57934/0b01e410804ac8f1, "PIVABURGERLIJKESTAATBUS"
https://doi.org/10.57934/0b01e410804ae0de, "PIVANATIONALITEITBUS"
https://doi.org/10.57934/0b01e410804ae3ac, "LSB"
https://doi.org/10.57934/0b01e410804b3b45, "ONDERWIJSPERSONEELTAB"
https://doi.org/10.57934/0b01e410804b69f8, "LBZBASISTAB"
https://doi.org/10.57934/0b01e410804b6a81, "GIR"
https://doi.org/10.57934/0b01e410804bade9, "GIR"
https://doi.org/10.57934/0b01e410804bae37, "GWUBUS"
https://doi.org/10.57934/0b01e410804c0b37, "GWUBEROEPBUS"
https://doi.org/10.57934/0b01e410804c0b3f, "PIVABURGERLIJKESTAATBUS"
https://doi.org/10.57934/0b01e410804c4644, "PIVANATIONALITEITBUS"
https://doi.org/10.57934/0b01e410804c6778, "PS_GEZONDHEIDSWELZIJNSZORG"
https://doi.org/10.57934/0b01e410804cb681, "SPOLISBUS"
https://doi.org/10.57934/0b01e410804d7bc6, "SIRAGVOORZIENINGENBUS"
https://doi.org/10.57934/0b01e410804d7bd9, "SIRWWPERSOONBUS"
https://doi.org/10.57934/0b01e410804d7c8c, "LSB"
https://doi.org/10.57934/0b01e410804d8281, "PS_ZORGINSTELLINGEN"
https://doi.org/10.57934/0b01e410804dac66, "NZRCLIENTTAB"
https://doi.org/10.57934/0b01e410804dacd1, "NZREPISODETAB"
https://doi.org/10.57934/0b01e410804dad4b, "NZRVERRICHTINGTAB"
https://doi.org/10.57934/0b01e410804dff57, "GIR"
https://doi.org/10.57934/0b01e410804dffc9, "RTD"
https://doi.org/10.57934/0b01e410804e10df, "POLSJONG"
https://doi.org/10.57934/0b01e410804ecb0e, "PENSAANSPRAAKOPTAB"
https://doi.org/10.57934/0b01e410804ecb86, "KOPPELTABELZELFSTANDIGEN"
https://doi.org/10.57934/0b01e410804f9635, "BIJSTANDVORDERINGTAB"
https://doi.org/10.57934/0b01e41080502ae6, "UWVONTSLAGVERGUNTAB"
https://doi.org/10.57934/0b01e41080502e47, "SUWVONTSLAGVERGUNTAB"
https://doi.org/10.57934/0b01e4108050e424, "PS_GEZONDHEIDSWELZIJNSZORG"
https://doi.org/10.57934/0b01e4108051d358, "PENSAANSPRAAKPPTAB"
https://doi.org/10.57934/0b01e41080529b41, "MIGMOTIEFBUS"
https://doi.org/10.57934/0b01e41080529b5b, "REGIOHISTORIE"
https://doi.org/10.57934/0b01e4108052e4f2, "KINDEROPVANGLOCATIES"
https://doi.org/10.57934/0b01e4108052e735, "KINDEROPVANGLOCATIES"
https://doi.org/10.57934/0b01e41080533727, "EBBWWZTAB"
https://doi.org/10.57934/0b01e4108053814b, "NVM"
https://doi.org/10.57934/0b01e4108053c864, "VBOWONINGTYPETAB"
https://doi.org/10.57934/0b01e410805543a0, "NABIJHEIDGROENVOORZTAB"
https://doi.org/10.57934/0b01e410805562f9, "WNE2019-II"
https://doi.org/10.57934/0b01e41080556a42, "WGE2019-IL"
https://doi.org/10.57934/0b01e4108055b33a, "SVO"
https://doi.org/10.57934/0b01e41080568e99, "ZVWZORGKOSTENTAB"
https://doi.org/10.57934/0b01e4108056e67f, "HUURENQUETE"
https://doi.org/10.57934/0b01e4108056ee73, "LMo"
https://doi.org/10.57934/0b01e4108056ef98, "LMo"
https://doi.org/10.57934/0b01e410805732e7, "BELONINGVANARTSEN"
https://doi.org/10.57934/0b01e410805a21b7, "FITNESSCENTRA"
https://doi.org/10.57934/0b01e410805a2e2e, "MSZZORGACTIVITEITENVEKTTAB"
https://doi.org/10.57934/0b01e410805a2fab, "MSZPRESTATIESVEKTTAB"
https://doi.org/10.57934/0b01e410805a6529, "GGZDBCZRGPROFIELHOOFDDIAGTAB"
https://doi.org/10.57934/0b01e410805a7fde, "GGZDBCDIAGNOSEHOOFDDIAGTAB"
https://doi.org/10.57934/0b01e410805a8376, "GGZDBCTRAJECTENHOOFDDIAGTAB"
https://doi.org/10.57934/0b01e410805a9a7a, "DOELGROEPREGISTERJJJJEIND"
https://doi.org/10.57934/0b01e410805a9ac5, "POLSJONG"
https://doi.org/10.57934/0b01e410805aee8c, "POLSJONG"
https://doi.org/10.57934/0b01e410805b5c1c, "POLSJONG"
https://doi.org/10.57934/0b01e410805bde03, "VRLVSLGWBTAB"
https://doi.org/10.57934/0b01e410805bde31, "NIETVSLGWBTAB"
https://doi.org/10.57934/0b01e410805bdf01, "VSLGWBTAB"
https://doi.org/10.57934/0b01e410805cd47f, "DONORTAB"
https://doi.org/10.57934/0b01e410805ceb8c, "CIS"
https://doi.org/10.57934/0b01e410805d03b7, "FAILONTTAB"
https://doi.org/10.57934/0b01e410805d0d51, "RP2POLISBUS"
https://doi.org/10.57934/0b01e410805d2af6, "BIGTAB"
https://doi.org/10.57934/0b01e410805d9385, "LBZDIAGNOSENTAB"
https://doi.org/10.57934/0b01e410805d96a7, "LBZBASISTAB"
https://doi.org/10.57934/0b01e410805daa2c, "FHS_STATIONAIR"
https://doi.org/10.57934/0b01e410805db7be, "SFGO"
https://doi.org/10.57934/0b01e410805dd8f5, "VT_OVERDRACHT"
https://doi.org/10.57934/0b01e410805ddac8, "VT_DIENST"
https://doi.org/10.57934/0b01e410805ddb7f, "VT_MELDING"
https://doi.org/10.57934/0b01e410805ddfc3, "VT_ADVIES"
https://doi.org/10.57934/0b01e410805de042, "VT_CASUS"
https://doi.org/10.57934/0b01e410805e45dc, "HDIPLOMAWOTAB"
https://doi.org/10.57934/0b01e410805e55de, "HDIPLOMAHBOTAB"
https://doi.org/10.57934/0b01e410805e562b, "EERSTEDIPLOMAHOTAB"
https://doi.org/10.57934/0b01e410805e5633, "DIPLOMAHOTAB"
https://doi.org/10.57934/0b01e410805e79e0, "SECMECZLFHBUS"
https://doi.org/10.57934/0b01e410805e95d1, "PS_DIENSTVERLENINGLANDBOUW"
https://doi.org/10.57934/0b01e410805e967e, "PS_AUTOHANDEL"
https://doi.org/10.57934/0b01e410805e9f40, "PS_COMMERCIELEDIENSTEN"
https://doi.org/10.57934/0b01e410805ea1a2, "PS_DELFSTOFFENWINNING"
https://doi.org/10.57934/0b01e410805eb589, "PS_DETAILHANDEL"
https://doi.org/10.57934/0b01e410805eb6de, "PS_ENERGIE"
https://doi.org/10.57934/0b01e410805ebf6c, "PS_GEZONDHEIDSWELZIJNSZORG"
https://doi.org/10.57934/0b01e410805ec526, "PS_GROOTHANDEL"
https://doi.org/10.57934/0b01e410805ed15e, "PS_ONROERENDGOED"
https://doi.org/10.57934/0b01e410805ed65f, "PS_INDUSTRIE"
https://doi.org/10.57934/0b01e410805ee7a3, "PS_TRANSPORT"
https://doi.org/10.57934/0b01e410805f4eeb, "PS_WATERAFVAL"
https://doi.org/10.57934/0b01e410805f56d2, "PS_BOUWNIJVERHEID"
https://doi.org/10.57934/0b01e410805f91d2, "PENSIOENAANSPRAAKOPJJJJANA"
https://doi.org/10.57934/0b01e410805f9d48, "NZRVERRICHTINGTAB"
https://doi.org/10.57934/0b01e410805f9d4e, "NZRCLIENTTAB"
https://doi.org/10.57934/0b01e410805f9e3e, "NZREPISODETAB"
https://doi.org/10.57934/0b01e410805fa9a9, "GECON"
https://doi.org/10.57934/0b01e410805fd44a, "SPOLISBUS"
https://doi.org/10.57934/0b01e410805ff996, "GBAPERSOONTAB"
https://doi.org/10.57934/0b01e410805ff9c3, "VRLGBAPERSOONTAB"
https://doi.org/10.57934/0b01e41080603b9f, "SIRAGVOORZIENINGENBUS"
https://doi.org/10.57934/0b01e410806046b5, "SFGO"
https://doi.org/10.57934/0b01e410806098ac, "WSNPpersBUS"
https://doi.org/10.57934/0b01e4108060ed26, "ZIEKEXCPOLI_JJ"
https://doi.org/10.57934/0b01e41080611339, "AZWWNE_II"
https://doi.org/10.57934/0b01e410806125f1, "AZWWGE_II"
https://doi.org/10.57934/0b01e41080614aea, "ZIEKINCPOLI_JJ"
https://doi.org/10.57934/0b01e4108061840d, "EBBWWZTAB"
https://doi.org/10.57934/0b01e4108061af8a, "SECMPOSWRKBUS"
https://doi.org/10.57934/0b01e4108061afe1, "TREINSTATIONS"
https://doi.org/10.57934/0b01e4108061c534, "CCO"
https://doi.org/10.57934/0b01e4108061cb0c, "RIJBEWIJZEN"
https://doi.org/10.57934/0b01e410806b1d9d, "REGIOHISTORIE"
https://doi.org/10.57934/0b01e410806b391d, "LSB"
https://doi.org/10.57934/0b01e410806bccb2, "LOCATUS"
https://doi.org/10.57934/0b01e410806bcff1, "ENERGIELABELCERTIFICATENWONINGEN"
https://doi.org/10.57934/0b01e410806bd1a1, "ZORGREKENINGEN_ARBEID-"
https://doi.org/10.57934/0b01e410806bd1c9, "EIGENAARTAB"
https://doi.org/10.57934/0b01e410806c2f1d, "BIJSTANDPERSOONBUS"
https://doi.org/10.57934/0b01e410806c306e, "HUURENQUETE"
https://doi.org/10.57934/0b01e410806c5fa9, "SES_OUTPUT_DSC"
https://doi.org/10.57934/0b01e410806c7aa6, "SVO"
https://doi.org/10.57934/0b01e410806c7e69, "NCOPO"
https://doi.org/10.57934/0b01e410806c8ae4, "NCOPOUITRUG"
https://doi.org/10.57934/0b01e410806c8ae7, "NCOPORUG"
https://doi.org/10.57934/0b01e410806c8eef, "NCOPO"
https://doi.org/10.57934/0b01e410806c9370, "VEHTAB"
https://doi.org/10.57934/0b01e410806c93b2, "NCOPO"
https://doi.org/10.57934/0b01e410806c9615, "HOOGSTEOPLTAB"
https://doi.org/10.57934/0b01e410806ca487, "NCOBRINPO"
https://doi.org/10.57934/0b01e410806ca49b, "NCOBRINVO"
https://doi.org/10.57934/0b01e410806ca544, "NCOBRINPO"
https://doi.org/10.57934/0b01e410806cb180, "CCO"
https://doi.org/10.57934/0b01e410806cb610, "IPOREVA"
https://doi.org/10.57934/0b01e410806cd3d8, "NCOSO"
https://doi.org/10.57934/0b01e410806cd5cc, "NCOVORUG"
https://doi.org/10.57934/0b01e410806cd6e0, "CRI_KOPPINCVERDSL"
https://doi.org/10.57934/0b01e410806cdfb2, "AZWWGE_I"
https://doi.org/10.57934/0b01e410806cfc46, "ZEA"
https://doi.org/10.57934/0b01e410806cff41, "AZWWNE_I"
https://doi.org/10.57934/0b01e410806d43bc, "LSB"
https://doi.org/10.57934/0b01e410806d4b74, "NCOHBO"
https://doi.org/10.57934/0b01e410806d60c4, "NCOVAVO"
https://doi.org/10.57934/0b01e410806d64fc, "NCOVO"
https://doi.org/10.57934/0b01e410806d6553, "NCOVO"
https://doi.org/10.57934/0b01e410806d7100, "NCOWO"
https://doi.org/10.57934/0b01e410806d9abd, "NCOMBO"
https://doi.org/10.57934/0b01e410806d9ad0, "NCOACHTERGRONDSTABIEL"
https://doi.org/10.57934/0b01e410806db835, "NCOACHTERGRONDVARIABEL"
https://doi.org/10.57934/0b01e410806db8ee, "NCOACHTERGRONDVARIABEL"
https://doi.org/10.57934/0b01e410806e03cd, "TRANSACTIES_KOOPWONINGEN"
https://doi.org/10.57934/0b01e410806e138c, "EBBOPLTAB"
https://doi.org/10.57934/0b01e410806e19fc, "EBBAFLTAB"
https://doi.org/10.57934/0b01e410806e2b20, "POLSJONG"
https://doi.org/10.57934/0b01e41080717963, "WATERSPORTCLUBS"
https://doi.org/10.57934/0b01e41080717ad2, "FITNESSCENTRA"
https://doi.org/10.57934/0b01e41080718223, "PS_AUTOHANDEL"
https://doi.org/10.57934/0b01e410807183f6, "PS_ONROERENDGOED"
https://doi.org/10.57934/0b01e4108071a173, "PS_TRANSPORT"
https://doi.org/10.57934/0b01e4108071a97c, "WOONBASESLEUTEL"
https://doi.org/10.57934/0b01e4108071ae86, "WOONBASEKENMERKENPERSONEN"
https://doi.org/10.57934/0b01e4108071b2a0, "WOONBASEPOPULATIEPERSONEN"
https://doi.org/10.57934/0b01e4108071b2e2, "VRLVSLGWBTAB"
https://doi.org/10.57934/0b01e4108071b42f, "VSLGWBTAB"
https://doi.org/10.57934/0b01e4108071b50b, "NIETVSLGWBTAB"
https://doi.org/10.57934/0b01e4108071ba40, "GBAPERSOONTAB"
https://doi.org/10.57934/0b01e4108071daf2, "VRLGBAPERSOONTAB"
https://doi.org/10.57934/0b01e4108071ea4c, "SPOLISBUS"
https://doi.org/10.57934/0b01e4108071f76e, "SDI"
https://doi.org/10.57934/0b01e4108071f9d6, "SESWOA"
https://doi.org/10.57934/0b01e41080723b03, "LMo"
https://doi.org/10.57934/0b01e41080724ad9, "RP2POLISBUS"
https://doi.org/10.57934/0b01e41080725a17, "PS_ZORGINSTELLINGEN"
https://doi.org/10.57934/0b01e410807265b6, "WGE2021-II"
https://doi.org/10.57934/0b01e4108072d1a9, "WNE2021-11"
https://doi.org/10.57934/0b01e4108072fb62, "NEA2014-2020"
https://doi.org/10.57934/0b01e41080730c60, "BEDRIJFSOPLEIDINGEN"
https://doi.org/10.57934/0b01e41080735ec5, "EBBOPLTAB"
https://doi.org/10.57934/0b01e41080737eee, "BIJSTANDPERSOONBUS"
https://doi.org/10.57934/0b01e41080738397, "MSZZORGACTIVITEITENVEKTTAB"
https://doi.org/10.57934/0b01e410807386d5, "MSZPRESTATIESVEKTTAB"
https://doi.org/10.57934/0b01e410807391fa, "WERKONDERZOEK"
https://doi.org/10.57934/0b01e4108073a7fa, "DRT_BEID"
https://doi.org/10.57934/0b01e4108073a819, "ZORGWOONRUIMTENTAB"
https://doi.org/10.57934/0b01e4108073d897, "GBIKEN"
https://doi.org/10.57934/0b01e4108073eae6, "EBBWWZTAB"
https://doi.org/10.57934/0b01e4108073ec77, "AKO"
https://doi.org/10.57934/0b01e410807423f2, "HUISARTSEN"
https://doi.org/10.57934/0b01e410807423fa, "BIBLIOTHEKEN"
https://doi.org/10.57934/0b01e4108074335f, "REGIOHISTORIE"
https://doi.org/10.57934/0b01e41080745985, "HUURENQUETE"
https://doi.org/10.57934/0b01e41080746e9e, "ZVWZORGKOSTENTAB"
https://doi.org/10.57934/0b01e41080749684, "ZEA"
https://doi.org/10.57934/0b01e4108074c269, "EBBHHBTAB"
https://doi.org/10.57934/0b01e4108074cd46, "SVO"
https://doi.org/10.57934/0b01e4108074d144, "WNE2022-I"
https://doi.org/10.57934/0b01e4108074fc1d, "WGE2022-I"
https://doi.org/10.57934/0b01e41080753a8a, "NIETGBAPERSOONTAB"
https://doi.org/10.57934/0b01e41080754098, "LMo"
https://doi.org/10.57934/0b01e41080756718, "GEBWMOTAB"
https://doi.org/10.57934/0b01e41080757f4a, "MEDICIJNTAB"
https://doi.org/10.57934/0b01e41080757f53, "NFO"
https://doi.org/10.57934/0b01e4108075864e, "SFGO"
https://doi.org/10.57934/0b01e4108075f996, "KLASGENOTENNETWERKTAB"
https://doi.org/10.57934/0b01e4108076077c, "HUISGENOTENNETWERKTAB"
https://doi.org/10.57934/0b01e410807607b1, "COLLEGANETWERKTAB"
https://doi.org/10.57934/0b01e410807607b7, "BURENNETWERKTAB"
https://doi.org/10.57934/0b01e41080760802, "FAMILIENETWERKTAB"
https://doi.org/10.57934/0b01e41080760954, "ZVWZZGTAB"
https://doi.org/10.57934/0b01e410807609e9, "GWBSTPLTAB"
https://doi.org/10.57934/0b01e41080762162, "GEMEENTESTPLTAB"
https://doi.org/10.57934/0b01e41080762182, "GWBSTPLTAB"
https://doi.org/10.57934/0b01e41080762370, "VT_ANALYSEBESTAND"
https://doi.org/10.57934/0b01e4108076310a, "SV_ANALYSEBESTAND"
https://doi.org/10.57934/0b01e41080763353, "PA_ANALYSEBESTAND"
https://doi.org/10.57934/0b01e4108076359b, "BU_ANALYSEBESTAND"
https://doi.org/10.57934/0b01e410807637b8, "BA_ANALYSEBESTAND"
https://doi.org/10.57934/0b01e41080767395, "SPOLISBUS"
https://doi.org/10.57934/0b01e410807674f4, "NIETVSLGWBTAB"
https://doi.org/10.57934/0b01e41080767a3f, "VRLVSLGWBTAB"
https://doi.org/10.57934/0b01e41080767bd8, "VSLGWBTAB"
https://doi.org/10.57934/0b01e41080767c08, "GGZDBCTRAJECTENHOOFDDIAGTAB"
https://doi.org/10.57934/0b01e4108076812d, "PS_DETAILHANDEL"
https://doi.org/10.57934/0b01e4108076827c, "PS_DELFSTOFFENWINNING"
https://doi.org/10.57934/0b01e41080768fb2, "PS_BOUWNIJVERHEID"
https://doi.org/10.57934/0b01e41080769d30, "PS_AUTOHANDEL"
https://doi.org/10.57934/0b01e41080769dea, "PS_WATERAFVAL"
https://doi.org/10.57934/0b01e4108076aa46, "PS_TRANSPORT"
https://doi.org/10.57934/0b01e4108076b280, "PS_INDUSTRIE"
https://doi.org/10.57934/0b01e4108076c6d0, "PS_ONROERENDGOED"
https://doi.org/10.57934/0b01e41080773210, "PS_GROOTHANDEL"
https://doi.org/10.57934/0b01e41080773968, "PS_ENERGIE"
https://doi.org/10.57934/0b01e41080774746, "PS_GEZONDHEIDSWELZIJNSZORG"
https://doi.org/10.57934/0b01e410807747ce, "PS_DIENSTVERLENINGLANDBOUW"
https://doi.org/10.57934/0b01e41080775637, "PS COMMERCIELE DIENSTVERLENING"
https://doi.org/10.57934/0b01e4108077580f, "CCO"
https://doi.org/10.57934/0b01e41080778190, "CCO"
https://doi.org/10.57934/0b01e410807793d5, "EBBARBZORGTAB"
https://doi.org/10.57934/0b01e41080779551, "NCOACHTERGRONDVARIABEL"
https://doi.org/10.57934/0b01e4108077d184, "NEA2014-2021"
https://doi.org/10.57934/0b01e4108077d614, "EBBARBZORGTAB"
https://doi.org/10.57934/0b01e4108077fb8a, "EBBONDTAB"
https://doi.org/10.57934/0b01e41080780fe0, "FHS_MOBIEL"
https://doi.org/10.57934/0b01e41080786362, "WOONBASEPOPULATIEPERSONEN"
https://doi.org/10.57934/0b01e41080787427, "WNE2022-II"
https://doi.org/10.57934/0b01e4108078abb1, "WGE2022-II"
https://doi.org/10.57934/0b01e410807936b7, "OG_PERSOON"
https://doi.org/10.57934/0b01e410807936bd, "OG_EVENTBIJDRAGEN"
https://doi.org/10.57934/0b01e4108079467d, "RP2POLISBUS"
https://doi.org/10.57934/0b01e4108079529b, "ABR"
https://doi.org/10.57934/0b01e410807952b4, "BE_EVENTBIJDRAGEN_ABR"
https://doi.org/10.57934/0b01e41080795323, "BE_OG_ABR"
https://doi.org/10.57934/0b01e41080795328, "BE_PERSOON_ABR"
https://doi.org/10.57934/0b01e41080795381, "LBE_ABR"
https://doi.org/10.57934/0b01e410807953cc, "KOPPELTABELZELFSTANDIGEN"
https://doi.org/10.57934/0b01e410807953d4, "REGIOHISTORIE"
https://doi.org/10.57934/0b01e41080797219, "INVESTERINGEN"
https://doi.org/10.57934/0b01e41080797261, "INIVA"
https://doi.org/10.57934/0b01e410807972b6, "EBBONDTAB"
https://doi.org/10.57934/0b01e410807977e6, "MSZPRESTATIESVEKTTAB"
https://doi.org/10.57934/0b01e41080798684, "EBBBEDRIJFTAB"
https://doi.org/10.57934/0b01e41080799b26, "EBBBEROEPTAB"
https://doi.org/10.57934/0b01e4108079c5b9, "EBBAFLTAB"
https://doi.org/10.57934/0b01e4108079d121, "CCO"
https://doi.org/10.57934/0b01e4108079d1ab, "CCO"
https://doi.org/10.57934/0b01e4108079e7cb, "SVO"
https://doi.org/10.57934/0b01e410807a200c, "PWETSRGVOORZIENINGTAB"
https://doi.org/10.57934/0b01e410807a317c, "RESULTAAT_HCSHA2ACTORXHFSHA2_JJJJ__XXXX.CSV"
https://doi.org/10.57934/0b01e410807a506f, "BOUWVERG"
https://doi.org/10.57934/0b01e410807a509b, "PWETSRGPERSOONBUS"
https://doi.org/10.57934/0b01e410807a5835, "CPI"
https://doi.org/10.57934/0b01e410801f299c, "OPOS_UG_ALL_HERK"
https://doi.org/10.57934/0b01e410801f2aa5, "PRNL"
https://doi.org/10.57934/0b01e410801f2b93, "ZORGMVTAB"
https://doi.org/10.57934/0b01e410801f2bbe, "WINSTENVANARTSEN"
https://doi.org/10.57934/0b01e410801f2cf1, "GEBZZVTAB"
https://doi.org/10.57934/0b01e410801f2d78, "B_HANDEL"
https://doi.org/10.57934/0b01e410801f3161, "GBAPERSOONTAB"
https://doi.org/10.57934/0b01e410801f3174, "VRLGBABURGERLIJKESTAATBUS"
https://doi.org/10.57934/0b01e410801f31bb, "VRLGBANATIONALITEITBUS"
https://doi.org/10.57934/0b01e410801f3364, "GVCIS"
https://doi.org/10.57934/0b01e410801f4ad4, "VOORRMUTWOONNIETWOONTAB"
https://doi.org/10.57934/0b01e410801f4b6e, "ASIELVERZOEKEN_INTERNATIONAAL"
https://doi.org/10.57934/0b01e410801f4c6d, "GRBSTAB"
https://doi.org/10.57934/0b01e410801f4d81, "HALTTAB"
https://doi.org/10.57934/0b01e410801f4e08, "HKSTAB"
https://doi.org/10.57934/0b01e410801f4ea7, "SHNTAB"
https://doi.org/10.57934/0b01e410801f4fa7, "VERDTAB"
https://doi.org/10.57934/0b01e410801f50f6, "VZR"
https://doi.org/10.57934/0b01e410801f517e, "EP"
https://doi.org/10.57934/0b01e410801f5195, "NLOC"
https://doi.org/10.57934/0b01e410801f51b8, "BRANDWEERPERSONEEL"
https://doi.org/10.57934/0b01e410801f5241, "BIOBRANDSTOFFENMARKT"
https://doi.org/10.57934/0b01e410801f53e1, "OVERZICHTALLEWINDMOLENS"
https://doi.org/10.57934/0b01e410801f54a7, "ONDERWIJSDEELNEMERSTAB"
https://doi.org/10.57934/0b01e410801f54ca, "EXAMVOTAB"
https://doi.org/10.57934/0b01e410801f5541, "DIPLOMAMBOTAB"
https://doi.org/10.57934/0b01e410801f558f, "VOLLEDIGMICROPRODUCTIEBESTAND"
https://doi.org/10.57934/0b01e410801f56e3, "WKO"
https://doi.org/10.57934/0b01e410801f571f, "OVERZICHTINSTALLATIESMEESTOKEN"
https://doi.org/10.57934/0b01e410801f5734, "BIOBRANDSTOFFENPRODUCTIE"
https://doi.org/10.57934/0b01e410801f5779, "HOUTKETELSGR18KW"
https://doi.org/10.57934/0b01e410801f57bb, "OVGVERBRANDING"
https://doi.org/10.57934/0b01e410801f5812, "WATERPOMPEN"
https://doi.org/10.57934/0b01e410801f582e, "DATA_ZONP"
https://doi.org/10.57934/0b01e410801f5868, "WATERPERMAAND"
https://doi.org/10.57934/0b01e410801f58d6, "DATA_ZTA"
https://doi.org/10.57934/0b01e410801f58fd, "VERBLIJFSVERGUNNINGBEP"
https://doi.org/10.57934/0b01e410801f5984, "GRASJJJJV1_SL"
https://doi.org/10.57934/0b01e410801f59c7, "AANMELDINGEN EXTRA.SAV"
https://doi.org/10.57934/0b01e410801f5a0f, "DIENSTEN.SAV"
https://doi.org/10.57934/0b01e410801f5b08, "CCO"
https://doi.org/10.57934/0b01e410801f5de6, "UITGENODIGDE VLUCHTELINGEN"
https://doi.org/10.57934/0b01e410801f5f67, "BELEVINGEN"
https://doi.org/10.57934/0b01e410801f627f, "SECMBUS"
https://doi.org/10.57934/0b01e410801f63b4, "STUDIEBEURSMNDBEDRAGBUS"
https://doi.org/10.57934/0b01e410801f650c, "STUDIEBEURSJAARBEDRAGTAB"
https://doi.org/10.57934/0b01e410801f7732, "PODIUMKUNSTEN"
https://doi.org/10.57934/0b01e410801f77e8, "OVARBEIDMNDBEDRAGBUS"
https://doi.org/10.57934/0b01e410801f78b3, "UITKBUITLANDMNDBEDRAGBUS"
https://doi.org/10.57934/0b01e410801f78e2, "ARBBUITLANDMNDBEDRAGBUS"
